Timestamp,Feature_1,Feature_2,Feature_3,Feature_4,Feature_5,Feature_6,Feature_7,Feature_8,Feature_9,Feature_10,Feature_11,Feature_12,Feature_13,Feature_14,Feature_15,Feature_16,Feature_17,Feature_18,Feature_19,Feature_20,Feature_21,Feature_22,Feature_23,Feature_24,Feature_25,Feature_26,Feature_27,Feature_28,Feature_29,Feature_30,Feature_31,Feature_32,Feature_33,Feature_34,Feature_35,Feature_36,Feature_37,Feature_38,Feature_39,Feature_40,Feature_41,Feature_42,Feature_43,Feature_44,Feature_45,Feature_46,Feature_47,Feature_48,Feature_49,Feature_50,Feature_51,Feature_52,Feature_53,Feature_54,Feature_55,Feature_56,Feature_57,Feature_58,Feature_59,Feature_60,Feature_61,Feature_62,Feature_63,Feature_64,Feature_65,Feature_66,Feature_67,Feature_68,Feature_69,Feature_70,Feature_71,Feature_72,Feature_73,Exercise_Type,Label
2025-04-18 22:11:45,12.1665,0.0000,12.1665,12.1665,0.0000,12.1665,148.0238,0.0000,-0.4261,0.0059,-0.4341,-0.4165,0.0176,0.4262,0.1816,0.0000,0.8861,0.0052,0.8760,0.8970,0.0210,0.8861,0.7853,0.0000,28.5767,0.5059,27.4658,29.2358,1.7700,28.5811,816.8814,0.0000,0.3296,0.5925,-0.6714,1.5259,2.1973,0.6780,0.4597,4.0000,-0.0163,1.1176,-2.0752,1.4038,3.4790,1.1177,1.2492,9.0000,0.0245,0.0581,-0.0824,0.1154,0.1978,0.0631,0.0040,5.0000,76.3154,0.0671,76.1902,76.4099,0.2197,76.3155,5824.0493,0.0000,24.9170,0.0769,24.8181,25.0928,0.2747,24.9171,620.8624,0.0000,13.4788,bicep_curl,0
2025-04-18 22:11:51,12.1665,0.0000,12.1665,12.1665,0.0000,12.1665,148.0238,0.0000,-0.4362,0.0048,-0.4424,-0.4263,0.0161,0.4363,0.1903,0.0000,0.8823,0.0039,0.8750,0.8906,0.0156,0.8823,0.7785,0.0000,28.0436,0.6283,26.8555,29.1138,2.2583,28.0507,786.8394,0.0000,0.1546,0.5278,-1.0376,1.1597,2.1973,0.5500,0.3025,5.0000,1.0091,0.8870,-0.4272,2.5635,2.9907,1.3435,1.8050,2.0000,0.0135,0.0448,-0.0879,0.1099,0.1978,0.0468,0.0022,7.0000,76.5846,0.0522,76.4648,76.6406,0.1758,76.5846,5865.2029,0.0000,25.5172,0.0448,25.4114,25.5872,0.1758,25.5173,651.1301,0.0000,13.4851,bicep_curl,0
2025-04-18 22:11:57,12.1665,0.0000,12.1665,12.1665,0.0000,12.1665,148.0238,0.0000,-0.4432,0.0029,-0.4478,-0.4365,0.0112,0.4432,0.1964,0.0000,0.8803,0.0029,0.8740,0.8853,0.0112,0.8803,0.7749,0.0000,27.7629,0.3335,27.0996,28.1982,1.0986,27.7649,770.8875,0.0000,0.1099,0.1800,-0.1831,0.3662,0.5493,0.2108,0.0445,5.0000,0.8748,0.3204,0.4272,1.7090,1.2817,0.9317,0.8680,0.0000,0.0128,0.0215,-0.0275,0.0439,0.0714,0.0250,0.0006,4.0000,76.6373,0.0152,76.6187,76.6681,0.0494,76.6373,5873.2804,0.0000,25.8563,0.0301,25.8069,25.8948,0.0879,25.8563,668.5504,0.0000,13.4899,bicep_curl,0
2025-04-18 22:12:03,12.1665,0.0000,12.1665,12.1665,0.0000,12.1665,148.0238,0.0000,-0.4463,0.0028,-0.4502,-0.4414,0.0088,0.4463,0.1992,0.0000,0.8796,0.0023,0.8760,0.8833,0.0073,0.8796,0.7737,0.0000,27.8076,0.1619,27.4658,28.0762,0.6104,27.8081,773.2898,0.0000,0.2116,0.2077,-0.2441,0.6104,0.8545,0.2965,0.0879,2.0000,0.6266,0.5479,-0.4883,1.5869,2.0752,0.8324,0.6929,2.0000,0.0125,0.0245,-0.0439,0.0439,0.0879,0.0275,0.0008,5.0000,76.5414,0.0208,76.5143,76.5857,0.0714,76.5414,5858.5836,0.0000,26.0588,0.0186,26.0156,26.0870,0.0714,26.0588,679.0634,0.0000,13.4924,bicep_curl,0
2025-04-18 22:12:09,12.1665,0.0000,12.1665,12.1665,0.0000,12.1665,148.0238,0.0000,-0.4462,0.0039,-0.4526,-0.4399,0.0127,0.4462,0.1991,0.0000,0.8773,0.0031,0.8711,0.8818,0.0107,0.8773,0.7697,0.0000,27.9378,0.3818,27.3438,28.6255,1.2817,27.9404,780.6679,0.0000,0.2889,0.2200,-0.1831,0.6104,0.7935,0.3631,0.1319,3.0000,0.6226,0.4919,-0.1221,1.5259,1.6479,0.7935,0.6296,3.0000,0.0154,0.0443,-0.0604,0.0824,0.1428,0.0469,0.0022,7.0000,76.5249,0.0211,76.4923,76.5692,0.0769,76.5249,5856.0611,0.0000,26.1376,0.0333,26.0815,26.2189,0.1373,26.1376,683.1738,0.0000,13.4900,bicep_curl,0
2025-04-18 22:12:24,12.1665,0.0000,12.1665,12.1665,0.0000,12.1665,148.0238,0.0000,-0.4407,0.0221,-0.4912,-0.4058,0.0854,0.4412,0.1947,0.0000,0.8781,0.0077,0.8638,0.8970,0.0332,0.8782,0.7712,0.0000,29.0243,1.4782,26.7334,32.1655,5.4321,29.0619,844.5921,0.0000,0.1831,1.9480,-3.9673,3.4180,7.3853,1.9566,3.8284,6.0000,-0.4801,4.3585,-6.7749,12.2681,19.0430,4.3849,19.2275,8.0000,0.0399,0.2294,-0.4504,0.3900,0.8405,0.2328,0.0542,6.0000,75.9375,0.3280,75.4156,76.5747,1.1591,75.9382,5766.6115,0.0000,25.9493,0.5371,25.0269,26.6528,1.6260,25.9549,673.6568,0.0000,13.4853,bicep_curl,0
2025-04-18 22:12:32,12.1665,0.0000,12.1665,12.1665,0.0000,12.1665,148.0238,0.0000,-0.6351,0.2400,-1.0767,-0.3354,0.7412,0.6789,0.4609,0.0000,0.4004,0.6099,-0.8145,0.9336,1.7480,0.7296,0.5323,1.0000,36.6496,5.6100,27.3438,45.4712,18.1274,37.0765,1374.6632,0.0000,14.7583,11.4017,-1.8311,29.0527,30.8838,18.6496,347.8058,2.0000,-4.6712,10.0060,-20.4468,13.3057,33.7524,11.0427,121.9412,4.0000,7.7095,5.8638,-0.6317,16.7596,17.3914,9.6861,93.8198,1.0000,30.5841,56.3474,-70.0378,75.9045,145.9424,64.1126,4110.4203,1.0000,38.9612,16.5913,20.6653,68.1317,47.4664,42.3467,1793.2439,0.0000,13.4723,bicep_curl,1
2025-04-18 22:12:39,12.1665,0.0000,12.1665,12.1665,0.0000,12.1665,148.0238,0.0000,-0.6353,0.2268,-0.9785,-0.3042,0.6743,0.6745,0.4550,0.0000,-0.2487,0.5820,-0.8999,0.7695,1.6694,0.6329,0.4005,1.0000,35.6649,8.1377,18.4326,52.9785,34.5459,36.5815,1338.2050,0.0000,1.9979,23.5785,-36.6211,38.3301,74.9512,23.6630,559.9367,3.0000,-1.9491,20.3790,-42.4194,37.5366,79.9561,20.4720,419.1043,3.0000,3.2380,11.2612,-15.3918,18.1274,33.5193,11.7175,137.3003,1.0000,-26.4280,51.8831,-72.0044,69.2084,141.2128,58.2263,3390.2991,1.0000,47.5261,13.9389,28.6414,71.4880,42.8467,49.5280,2453.0260,0.0000,13.3650,bicep_curl,1
2025-04-18 22:12:46,12.1665,0.0000,12.1665,12.1665,0.0000,12.1665,148.0238,0.0000,-0.3345,0.0469,-0.3862,-0.1802,0.2061,0.3378,0.1141,0.0000,0.9267,0.0262,0.9004,1.0063,0.1060,0.9271,0.8595,0.0000,30.1758,2.4771,25.3906,36.3770,10.9863,30.2773,916.7140,0.0000,0.4761,6.4602,-9.7046,22.2778,31.9824,6.4777,41.9609,5.0000,1.3997,12.0013,-30.2734,30.0293,60.3027,12.0827,145.9911,5.0000,-0.0824,1.0491,-1.3458,3.6035,4.9493,1.0523,1.1073,5.0000,73.0254,0.4368,72.2845,73.8611,1.5765,73.0267,5332.8984,0.0000,20.3148,1.6314,16.5509,21.9836,5.4327,20.3802,415.3534,0.0000,13.4278,bicep_curl,1
2025-04-18 22:12:53,12.1665,0.0000,12.1665,12.1665,0.0000,12.1665,148.0238,0.0000,-0.6276,0.2299,-1.0029,-0.2690,0.7339,0.6684,0.4468,0.0000,-0.3390,0.5505,-0.8779,0.6943,1.5723,0.6465,0.4179,1.0000,36.0555,6.2363,24.8413,45.5933,20.7520,36.5909,1338.8909,0.0000,7.2103,20.5659,-22.5220,43.7012,66.2231,21.7933,474.9462,3.0000,-3.9958,23.2524,-46.8750,26.7334,73.6084,23.5933,556.6418,6.0000,3.8419,9.6806,-14.4525,16.1334,30.5859,10.4151,108.4745,1.0000,-33.3893,49.8881,-73.2458,68.6206,141.8665,60.0306,3603.6688,1.0000,46.4985,12.3484,30.4047,68.1921,37.7875,48.1103,2314.5965,0.0000,13.3938,bicep_curl,1
2025-04-18 22:13:00,12.1665,0.0000,12.1665,12.1665,0.0000,12.1665,148.0238,0.0000,-0.7073,0.3083,-1.1753,-0.2607,0.9146,0.7716,0.5954,0.0000,0.2144,0.6853,-0.8569,0.9189,1.7759,0.7180,0.5156,1.0000,36.1165,7.3562,26.0620,49.1943,23.1323,36.8581,1358.5185,0.0000,12.6668,14.3084,-8.3618,38.7573,47.1191,19.1096,365.1785,3.0000,-7.9183,20.7740,-45.5933,29.3579,74.9512,22.2319,494.2576,7.0000,7.6333,5.7311,-0.6812,15.5951,16.2762,9.5453,91.1123,1.0000,13.3700,63.0212,-73.2788,75.6299,148.9087,64.4238,4150.4323,1.0000,41.2474,15.0913,25.8179,67.1375,41.3196,43.9215,1929.0977,0.0000,13.5416,bicep_curl,1
2025-04-18 22:13:08,12.1665,0.0000,12.1665,12.1665,0.0000,12.1665,148.0238,0.0000,-0.4709,0.1326,-0.8447,-0.3301,0.5146,0.4892,0.2393,0.0000,0.8951,0.0372,0.8735,1.0303,0.1567,0.8958,0.8025,0.0000,30.3914,6.2863,20.6909,47.4854,26.7944,31.0348,963.1567,0.0000,3.5156,12.8602,-10.2539,47.3022,57.5562,13.3321,177.7450,5.0000,-1.4486,7.2591,-18.7988,7.3853,26.1841,7.4023,54.7936,5.0000,0.8419,2.8388,-1.0217,10.4974,11.5192,2.9610,8.7677,5.0000,74.4895,0.6554,72.8558,75.2673,2.4115,74.4924,5549.1154,0.0000,26.2793,1.7645,23.5492,31.6681,8.1189,26.3385,693.7148,0.0000,13.5325,bicep_curl,1
2025-04-18 22:13:30,12.1665,0.0000,12.1665,12.1665,0.0000,12.1665,148.0238,0.0000,-0.4935,0.0183,-0.5190,-0.4395,0.0796,0.4938,0.2438,0.0000,0.8420,0.0099,0.8306,0.8765,0.0459,0.8421,0.7091,0.0000,32.6090,1.2005,31.0059,34.9731,3.9673,32.6311,1064.7913,0.0000,0.6348,1.6808,-3.9673,2.9297,6.8970,1.7967,3.2281,7.0000,-0.1221,5.2858,-9.0942,17.2119,26.3062,5.2873,27.9551,4.0000,0.0359,0.0839,-0.1208,0.1593,0.2802,0.0912,0.0083,5.0000,73.7476,0.1702,73.4656,74.2291,0.7635,73.7478,5438.7314,0.0000,29.2815,0.1254,29.0424,29.4708,0.4285,29.2818,857.4216,0.0000,13.5020,bicep_curl,0
2025-04-18 22:13:35,12.1665,0.0000,12.1665,12.1665,0.0000,12.1665,148.0238,0.0000,-0.4826,0.0038,-0.4878,-0.4756,0.0122,0.4826,0.2329,0.0000,0.8489,0.0028,0.8428,0.8545,0.0117,0.8489,0.7206,0.0000,32.8695,0.4245,32.1045,33.6304,1.5259,32.8722,1080.5820,0.0000,0.3052,0.3729,-0.3662,1.2207,1.5869,0.4819,0.2322,6.0000,0.4883,0.5734,-1.1597,1.3428,2.5024,0.7532,0.5672,2.0000,0.0132,0.0372,-0.0439,0.0659,0.1099,0.0395,0.0016,6.0000,73.7062,0.0322,73.6414,73.7677,0.1263,73.7062,5432.6015,0.0000,28.4333,0.0392,28.3667,28.4930,0.1263,28.4334,808.4569,0.0000,13.4979,bicep_curl,0
2025-04-18 22:13:41,12.1665,0.0000,12.1665,12.1665,0.0000,12.1665,148.0238,0.0000,-0.4619,0.0133,-0.4873,-0.4326,0.0547,0.4621,0.2135,0.0000,0.8580,0.0058,0.8462,0.8672,0.0210,0.8580,0.7362,0.0000,32.4829,3.1281,24.0479,35.4004,11.3525,32.6332,1064.9242,0.0000,-0.2157,7.4694,-20.2026,19.1040,39.3066,7.4725,55.8379,5.0000,2.2746,22.5657,-68.7256,41.9922,110.7178,22.6800,514.3829,5.0000,-0.0952,0.2118,-0.6537,0.2527,0.9064,0.2323,0.0539,6.0000,73.7406,0.4170,73.2513,74.7345,1.4832,73.7418,5437.8501,0.0000,26.5272,0.2806,26.1584,27.2900,1.1316,26.5287,703.7722,0.0000,13.4864,bicep_curl,0
2025-04-18 22:13:49,12.1665,0.0000,12.1665,12.1665,0.0000,12.1665,148.0238,0.0000,-0.4769,0.0028,-0.4810,-0.4712,0.0098,0.4769,0.2274,0.0000,0.8512,0.0029,0.8457,0.8569,0.0112,0.8512,0.7246,0.0000,32.6701,0.2555,32.2876,33.2031,0.9155,32.6711,1067.3997,0.0000,0.2075,0.3197,-0.4883,0.7935,1.2817,0.3812,0.1453,3.0000,0.6022,0.3372,0.1221,1.1597,1.0376,0.6902,0.4763,0.0000,0.0242,0.0204,-0.0110,0.0604,0.0714,0.0317,0.0010,2.0000,73.8691,0.0236,73.8116,73.9050,0.0934,73.8691,5456.6505,0.0000,28.0759,0.0249,28.0261,28.1305,0.1044,28.0759,788.2583,0.0000,13.4946,bicep_curl,0
2025-04-18 22:13:56,12.1665,0.0000,12.1665,12.1665,0.0000,12.1665,148.0238,0.0000,-0.4643,0.0127,-0.4868,-0.4414,0.0454,0.4645,0.2157,0.0000,0.8602,0.0073,0.8462,0.8701,0.0239,0.8603,0.7400,0.0000,32.1289,0.9376,30.2124,33.7524,3.5400,32.1426,1033.1457,0.0000,2.3153,2.3978,-0.9766,7.9956,8.9722,3.3332,11.1101,1.0000,-2.0223,4.6009,-10.4370,4.8828,15.3198,5.0257,25.2577,3.0000,-0.0190,0.1862,-0.3076,0.3461,0.6537,0.1872,0.0350,5.0000,74.2562,0.4410,73.7347,74.8718,1.1371,74.2575,5514.1816,0.0000,27.2725,0.5755,26.2958,28.1085,1.8127,27.2785,744.1183,0.0000,13.4910,bicep_curl,0
2025-04-18 22:14:02,12.1665,0.0000,12.1665,12.1665,0.0000,12.1665,148.0238,0.0000,-0.6056,0.2329,-1.0391,-0.2651,0.7739,0.6489,0.4210,0.0000,0.0817,0.7318,-0.8872,1.0073,1.8945,0.7364,0.5422,1.0000,37.8092,7.3481,23.2544,51.1475,27.8931,38.5167,1483.5343,0.0000,21.1955,14.8123,-5.3101,43.1519,48.4619,25.8583,668.6521,1.0000,-1.2248,15.4396,-26.1230,13.6719,39.7949,15.4881,239.8801,6.0000,7.5198,5.2987,-1.0767,16.3806,17.4573,9.1991,84.6235,1.0000,2.7590,63.2078,-72.8723,74.9652,147.8375,63.2680,4002.8387,1.0000,40.5319,15.3764,21.4233,68.7744,47.3511,43.3505,1879.2665,0.0000,13.4604,bicep_curl,1
2025-04-18 22:14:09,12.1665,0.0000,12.1665,12.1665,0.0000,12.1665,148.0238,0.0000,-0.5828,0.3223,-1.3438,-0.2085,1.1353,0.6660,0.4435,0.0000,-0.1607,0.6977,-0.9175,0.8833,1.8008,0.7160,0.5127,1.0000,35.7218,6.4920,25.6958,45.7764,20.0806,36.3070,1318.1967,0.0000,15.8732,15.1512,-15.6250,40.2222,55.8472,21.9435,481.5164,3.0000,2.3804,20.4256,-36.2549,28.4424,64.6973,20.5638,422.8694,7.0000,7.4366,5.9548,-4.4055,16.1389,20.5444,9.5270,90.7634,1.0000,-17.2917,60.1611,-72.4658,74.8334,147.2992,62.5968,3918.3581,1.0000,41.0702,15.8145,24.4116,68.3789,43.9673,44.0098,1936.8595,0.0000,13.4048,bicep_curl,1
2025-04-18 22:14:15,12.1665,0.0000,12.1665,12.1665,0.0000,12.1665,148.0238,0.0000,-0.5179,0.2244,-0.9111,-0.2246,0.6865,0.5644,0.3186,0.0000,0.2355,0.7282,-0.9053,0.9360,1.8413,0.7654,0.5858,1.0000,37.9150,9.0079,25.8179,56.7627,30.9448,38.9704,1518.6926,0.0000,23.7305,19.7265,-0.3052,54.7485,55.0537,30.8588,952.2681,1.0000,-13.4644,22.4251,-64.0259,27.9541,91.9800,26.1568,684.1756,2.0000,7.7670,6.7810,-0.6976,18.9954,19.6930,10.3105,106.3072,1.0000,14.4998,61.9270,-72.0703,74.4434,146.5137,63.6018,4045.1947,1.0000,35.9945,14.3014,20.9509,62.1277,41.1768,38.7316,1500.1334,0.0000,13.4032,bicep_curl,1
2025-04-18 22:14:22,12.1665,0.0000,12.1665,12.1665,0.0000,12.1665,148.0238,0.0000,-1.2492,2.5713,-10.8311,-0.2690,10.5620,2.8587,8.1719,0.0000,0.1897,1.1411,-0.8960,3.4775,4.3735,1.1568,1.3382,1.0000,51.5503,62.3278,23.0103,282.9590,259.9487,80.8838,6542.1812,0.0000,19.4661,17.9225,-19.2871,45.0439,64.3311,26.4603,700.1460,2.0000,5.2694,33.2607,-49.5605,78.6133,128.1738,33.6755,1134.0407,4.0000,7.1979,6.2950,-2.9993,16.6443,19.6436,9.5622,91.4365,1.0000,-4.5121,64.5492,-73.3118,75.3827,148.6945,64.7067,4186.9608,1.0000,40.2993,14.9179,23.8348,69.4446,45.6097,42.9718,1846.5774,0.0000,14.3178,bicep_curl,1
2025-04-18 22:14:32,12.1665,0.0000,12.1665,12.1665,0.0000,12.1665,148.0238,0.0000,-0.5981,0.2127,-1.0581,-0.3677,0.6904,0.6348,0.4029,0.0000,0.4422,0.5866,-0.7368,0.9160,1.6528,0.7346,0.5397,1.0000,34.9569,5.2490,28.2593,46.2036,17.9443,35.3488,1249.5346,0.0000,16.8091,14.3625,-0.7935,41.9312,42.7246,22.1095,488.8279,2.0000,-14.5264,18.7757,-42.8467,7.8735,50.7202,23.7391,563.5430,3.0000,7.6666,6.2944,-0.6866,17.2870,17.9736,9.9195,98.3963,1.0000,34.3572,54.6744,-70.4279,75.1465,145.5743,64.5732,4169.7024,1.0000,39.5962,15.3683,23.4174,66.4838,43.0664,42.4740,1804.0439,0.0000,13.4481,bicep_curl,1
2025-04-18 22:14:44,12.1665,0.0000,12.1665,12.1665,0.0000,12.1665,148.0238,0.0000,-0.4499,0.0086,-0.4717,-0.4399,0.0317,0.4500,0.2025,0.0000,0.8684,0.0046,0.8584,0.8750,0.0166,0.8684,0.7541,0.0000,31.8929,0.6413,30.8838,33.4473,2.5635,31.8993,1017.5685,0.0000,0.0285,1.3381,-3.0518,2.3804,5.4321,1.3384,1.7914,4.0000,0.4395,1.0482,-1.2817,2.5024,3.7842,1.1366,1.2919,3.0000,-0.0146,0.1493,-0.3845,0.2802,0.6647,0.1500,0.0225,5.0000,74.4884,0.0851,74.2676,74.6741,0.4065,74.4885,5548.5295,0.0000,26.3588,0.1746,25.9662,26.7792,0.8130,26.3593,694.8150,0.0000,13.4848,bicep_curl,0
2025-04-18 22:14:50,12.1665,0.0000,12.1665,12.1665,0.0000,12.1665,148.0238,0.0000,-0.4583,0.0041,-0.4648,-0.4507,0.0142,0.4583,0.2100,0.0000,0.8619,0.0047,0.8550,0.8691,0.0142,0.8619,0.7429,0.0000,31.9743,0.3661,31.3721,32.8979,1.5259,31.9764,1022.4889,0.0000,0.2401,0.5172,-0.7324,1.1597,1.8921,0.5702,0.3251,6.0000,0.4028,1.1130,-1.4038,2.2583,3.6621,1.1836,1.4010,3.0000,-0.0128,0.0824,-0.2362,0.0824,0.3186,0.0834,0.0070,7.0000,74.4093,0.0522,74.2621,74.4983,0.2362,74.4093,5536.7469,0.0000,26.9059,0.1286,26.8066,27.3175,0.5109,26.9062,723.9431,0.0000,13.4867,bicep_curl,0
2025-04-18 22:14:56,12.1665,0.0000,12.1665,12.1665,0.0000,12.1665,148.0238,0.0000,-0.4649,0.0036,-0.4692,-0.4580,0.0112,0.4650,0.2162,0.0000,0.8604,0.0017,0.8584,0.8652,0.0068,0.8604,0.7403,0.0000,32.1493,0.2575,31.7383,32.5928,0.8545,32.1503,1033.6407,0.0000,0.3540,0.2371,0.0000,0.6714,0.6714,0.4261,0.1815,0.0000,0.0854,0.5637,-0.8545,1.0986,1.9531,0.5702,0.3251,5.0000,0.0114,0.0345,-0.0494,0.0769,0.1263,0.0364,0.0013,6.0000,74.2482,0.0273,74.1962,74.2841,0.0879,74.2482,5512.7913,0.0000,27.2490,0.0252,27.2021,27.2900,0.0879,27.2490,742.5099,0.0000,13.4919,bicep_curl,0
2025-04-18 22:15:01,12.1665,0.0000,12.1665,12.1665,0.0000,12.1665,148.0238,0.0000,-0.4628,0.0044,-0.4707,-0.4565,0.0142,0.4628,0.2142,0.0000,0.8603,0.0028,0.8540,0.8643,0.0103,0.8603,0.7402,0.0000,32.3201,0.3372,31.3721,32.7148,1.3428,32.3219,1044.7058,0.0000,0.2319,0.3511,-0.4272,0.9766,1.4038,0.4208,0.1771,3.0000,0.4435,0.5986,-0.3662,1.4648,1.8311,0.7450,0.5551,5.0000,0.0128,0.0345,-0.0494,0.0824,0.1318,0.0368,0.0014,7.0000,74.1409,0.0300,74.0918,74.2072,0.1154,74.1409,5496.8694,0.0000,27.1655,0.0299,27.1252,27.2186,0.0934,27.1655,737.9668,0.0000,13.4896,bicep_curl,0
2025-04-18 22:15:07,12.1665,0.0000,12.1665,12.1665,0.0000,12.1665,148.0238,0.0000,-0.5189,0.3033,-1.0146,0.2661,1.2808,0.6011,0.3613,2.0000,0.5647,0.5574,-0.8545,0.9146,1.7690,0.7935,0.6296,1.0000,34.7046,8.1777,9.2773,47.1191,37.8418,35.6551,1271.2839,0.0000,15.1815,16.7155,-1.1597,44.7998,45.9595,22.5807,509.8867,1.0000,-12.0768,25.6796,-85.2661,20.8130,106.0791,28.3777,805.2935,5.0000,7.5773,9.6844,-0.5768,26.2354,26.8121,12.2964,151.2021,3.0000,39.3179,53.0204,-70.5377,72.9053,143.4430,66.0081,4357.0629,1.0000,33.8485,14.1181,23.6865,68.9612,45.2747,36.6748,1345.0436,0.0000,13.4782,bicep_curl,1
2025-04-18 22:15:13,12.1665,0.0000,12.1665,12.1665,0.0000,12.1665,148.0238,0.0000,-0.5116,0.1536,-0.8228,-0.3828,0.4399,0.5342,0.2853,0.0000,0.8308,0.1116,0.4834,0.8960,0.4126,0.8383,0.7027,0.0000,35.3963,4.6730,30.5176,46.0815,15.5640,35.7035,1274.7365,0.0000,10.2824,14.4909,-0.1831,40.5273,40.7104,17.7683,315.7136,2.0000,0.4354,11.0426,-15.6860,33.8135,49.4995,11.0512,122.1287,4.0000,2.8169,4.5633,-0.6482,13.1232,13.7714,5.3627,28.7589,1.0000,68.9312,9.2934,38.1061,73.1635,35.0574,69.5548,4837.8708,0.0000,30.2527,9.4511,24.2029,55.8270,31.6241,31.6946,1004.5492,0.0000,13.5089,bicep_curl,1
2025-04-18 22:15:20,12.1665,0.0000,12.1665,12.1665,0.0000,12.1665,148.0238,0.0000,-0.5433,0.1980,-1.0039,-0.3018,0.7021,0.5783,0.3344,0.0000,0.6032,0.4676,-0.6743,0.9048,1.5791,0.7632,0.5825,1.0000,40.1978,6.4933,31.0669,50.8423,19.7754,40.7188,1658.0227,0.0000,15.4215,17.0076,-1.7090,49.5605,51.2695,22.9583,527.0824,2.0000,-8.2682,16.2361,-41.9922,17.5171,59.5093,18.2202,331.9745,4.0000,6.6910,7.3514,-0.5988,19.3579,19.9567,9.9404,98.8125,1.0000,46.4982,43.2341,-58.4857,72.6855,131.1713,63.4922,4031.2654,1.0000,36.0238,14.7985,23.0713,66.0608,42.9895,38.9450,1516.7110,0.0000,13.4242,bicep_curl,1
2025-04-18 22:15:27,12.1665,0.0000,12.1665,12.1665,0.0000,12.1665,148.0238,0.0000,-0.6760,0.2159,-1.0884,-0.3750,0.7134,0.7097,0.5037,0.0000,0.1300,0.6786,-0.8677,0.9214,1.7891,0.6909,0.4774,1.0000,39.5793,4.7565,30.8838,46.2036,15.3198,39.8640,1589.1420,0.0000,15.0228,7.4462,2.1973,27.4048,25.2075,16.7669,281.1298,0.0000,-4.3254,13.8456,-30.7007,18.9209,49.6216,14.5055,210.4106,3.0000,7.7087,4.1213,1.5436,14.6393,13.0957,8.7413,76.4097,0.0000,8.2496,60.2417,-71.5210,73.8446,145.3656,60.8040,3697.1217,1.0000,43.0507,15.1937,22.7527,68.3789,45.6262,45.6531,2084.2071,0.0000,13.4816,bicep_curl,1
2025-04-18 22:15:37,12.1665,0.0000,12.1665,12.1665,0.0000,12.1665,148.0238,0.0000,-0.4584,0.0049,-0.4668,-0.4497,0.0171,0.4585,0.2102,0.0000,0.8620,0.0038,0.8560,0.8691,0.0132,0.8621,0.7431,0.0000,32.7271,0.7971,31.1890,34.4849,3.2959,32.7368,1071.6952,0.0000,0.3581,0.9047,-1.2207,2.1973,3.4180,0.9730,0.9467,4.0000,1.1922,0.8407,-0.1221,3.0518,3.1738,1.4588,2.1281,2.0000,-0.0242,0.0772,-0.1263,0.1593,0.2856,0.0809,0.0065,5.0000,73.9834,0.2287,73.6084,74.3665,0.7581,73.9838,5473.5956,0.0000,26.9081,0.2063,26.6144,27.2900,0.6757,26.9089,724.0874,0.0000,13.4870,bicep_curl,0
2025-04-18 22:15:43,12.1665,0.0000,12.1665,12.1665,0.0000,12.1665,148.0238,0.0000,-0.4695,0.0033,-0.4746,-0.4629,0.0117,0.4695,0.2204,0.0000,0.8572,0.0035,0.8506,0.8623,0.0117,0.8572,0.7348,0.0000,32.5643,0.4078,31.7993,33.2031,1.4038,32.5668,1060.5993,0.0000,0.2157,0.2409,-0.3052,0.6714,0.9766,0.3234,0.1046,6.0000,0.7284,0.5684,-0.6104,1.4648,2.0752,0.9239,0.8536,2.0000,0.0139,0.0422,-0.0659,0.1099,0.1758,0.0444,0.0020,6.0000,73.9860,0.0205,73.9545,74.0204,0.0659,73.9860,5473.9230,0.0000,27.5497,0.0312,27.4878,27.6086,0.1208,27.5497,758.9860,0.0000,13.4932,bicep_curl,0
2025-04-18 22:15:48,12.1665,0.0000,12.1665,12.1665,0.0000,12.1665,148.0238,0.0000,-0.4487,0.0250,-0.4800,-0.3921,0.0879,0.4494,0.2020,0.0000,0.8608,0.0114,0.8457,0.8926,0.0469,0.8609,0.7412,0.0000,34.4686,1.1356,31.9214,36.1328,4.2114,34.4873,1189.3732,0.0000,1.1190,1.3578,-1.0376,3.2349,4.2725,1.7595,3.0957,4.0000,-0.3418,2.4816,-6.7139,3.2349,9.9487,2.5051,6.2754,4.0000,0.2915,0.4392,-0.0604,1.3239,1.3843,0.5271,0.2779,6.0000,73.0466,0.3269,72.5098,73.9380,1.4282,73.0474,5335.9172,0.0000,26.4130,1.4401,23.1372,27.3395,4.2023,26.4522,699.7184,0.0000,13.4761,bicep_curl,0
2025-04-18 22:15:55,12.1665,0.0000,12.1665,12.1665,0.0000,12.1665,148.0238,0.0000,-0.5612,0.2659,-1.0034,-0.1841,0.8193,0.6210,0.3856,0.0000,0.1326,0.7096,-0.9072,0.9141,1.8213,0.7219,0.5212,1.0000,39.9211,9.8964,20.8740,57.9224,37.0483,41.1294,1691.6307,0.0000,22.7905,14.3152,-0.0610,43.1519,43.2129,26.9134,724.3328,1.0000,-14.2904,18.5954,-51.8799,17.8833,69.7632,23.4522,550.0038,4.0000,7.9757,5.7763,-0.3241,18.9130,19.2371,9.8477,96.9778,2.0000,8.1427,61.3665,-73.8940,74.6686,148.5626,61.9044,3832.1566,1.0000,38.5968,14.5953,21.3794,64.5612,43.1818,41.2642,1702.7347,0.0000,13.3855,bicep_curl,1
2025-04-18 22:16:01,12.1665,0.0000,12.1665,12.1665,0.0000,12.1665,148.0238,0.0000,-1.2293,2.7012,-11.2910,-0.1318,11.1592,2.9678,8.8076,0.0000,0.3864,1.4056,-0.8633,4.8242,5.6875,1.4578,2.1251,1.0000,61.8408,98.9541,24.9023,431.1523,406.2500,116.6885,13616.2087,0.0000,19.3522,20.9613,-12.0850,57.2510,69.3359,28.5287,813.8850,2.0000,2.1891,26.0764,-43.5181,54.8706,98.3887,26.1681,684.7709,7.0000,6.5790,9.7682,-9.5911,22.7472,32.3383,11.7771,138.6999,2.0000,2.3134,65.1775,-73.6249,75.4266,149.0515,65.2185,4253.4547,1.0000,36.2369,14.2167,19.0558,66.9781,47.9224,38.9259,1515.2294,0.0000,14.4283,bicep_curl,1
2025-04-18 22:16:09,12.1665,0.0000,12.1665,12.1665,0.0000,12.1665,148.0238,0.0000,-0.7353,0.6133,-2.8501,-0.2778,2.5723,0.9575,0.9168,0.0000,0.4227,0.6497,-0.8574,0.9209,1.7783,0.7751,0.6007,1.0000,36.6618,10.7245,23.6206,61.4624,37.8418,38.1982,1459.1003,0.0000,15.8976,12.4398,0.0610,38.9404,38.8794,20.1862,407.4824,0.0000,7.4015,28.7043,-28.9307,92.7124,121.6431,29.6432,878.7182,5.0000,7.6611,6.4670,-0.9998,17.6825,18.6823,10.0257,100.5144,1.0000,28.8285,58.9423,-71.8726,76.0144,147.8870,65.6146,4305.2746,1.0000,38.4434,16.1265,22.0551,70.0433,47.9883,41.6888,1737.9545,0.0000,13.6458,bicep_curl,1
2025-04-18 22:16:15,12.1665,0.0000,12.1665,12.1665,0.0000,12.1665,148.0238,0.0000,-0.4086,0.0107,-0.4229,-0.3857,0.0371,0.4087,0.1670,0.0000,0.8853,0.0047,0.8794,0.8936,0.0142,0.8853,0.7837,0.0000,31.7912,0.6335,30.9448,33.0811,2.1362,31.7975,1011.0803,0.0000,0.2441,0.7804,-1.2207,1.9531,3.1738,0.8177,0.6686,4.0000,0.3418,1.5994,-1.8921,3.9673,5.8594,1.6355,2.6748,7.0000,-0.0135,0.1624,-0.3241,0.3571,0.6812,0.1630,0.0266,6.0000,74.8096,0.0984,74.6796,74.9872,0.3076,74.8096,5596.4815,0.0000,24.1293,0.2387,23.7250,24.4446,0.7196,24.1305,582.2788,0.0000,13.4603,bicep_curl,0
2025-04-18 22:16:21,12.1665,0.0000,12.1665,12.1665,0.0000,12.1665,148.0238,0.0000,-0.4410,0.0687,-0.5864,-0.2886,0.2979,0.4463,0.1992,0.0000,0.8638,0.0212,0.8062,0.8892,0.0830,0.8641,0.7467,0.0000,28.6174,4.7703,18.6768,37.3535,18.6768,29.0122,841.7087,0.0000,3.4668,14.1500,-25.3906,46.1426,71.5332,14.5685,212.2412,5.0000,-9.9609,48.4447,-155.2734,40.8325,196.1060,49.4581,2446.1076,4.0000,0.0271,0.4707,-1.2030,0.7251,1.9281,0.4715,0.2223,5.0000,76.1594,1.7501,73.2733,79.4092,6.1359,76.1795,5803.3207,0.0000,26.3943,1.4966,24.9390,29.4598,4.5209,26.4367,698.8981,0.0000,13.4713,bicep_curl,0
2025-04-18 22:16:40,12.1665,0.0000,12.1665,12.1665,0.0000,12.1665,148.0238,0.0000,-0.6013,0.2334,-1.0552,-0.3145,0.7407,0.6450,0.4160,0.0000,0.1963,0.6938,-0.8569,0.9399,1.7969,0.7210,0.5198,1.0000,39.5955,9.2358,20.0195,57.5562,37.5366,40.6584,1653.1073,0.0000,20.8781,11.8950,0.5493,40.1611,39.6118,24.0288,577.3850,0.0000,2.8890,16.1496,-30.8228,31.3110,62.1338,16.4060,269.1552,6.0000,7.9420,4.5604,0.5603,14.5294,13.9691,9.1582,83.8729,0.0000,12.6544,59.8971,-70.5103,75.6628,146.1731,61.2193,3747.8013,1.0000,40.0463,15.5910,19.0613,66.5826,47.5214,42.9742,1846.7820,0.0000,13.4400,bicep_curl,1
2025-04-18 22:16:46,12.1665,0.0000,12.1665,12.1665,0.0000,12.1665,148.0238,0.0000,-0.5039,0.2253,-1.0044,-0.2031,0.8013,0.5519,0.3046,0.0000,0.0657,0.7316,-0.9268,0.9312,1.8579,0.7345,0.5395,1.0000,35.2865,4.3027,26.0010,43.1519,17.1509,35.5478,1263.6473,0.0000,14.5671,15.1645,-7.4463,49.5605,57.0068,21.0277,442.1627,2.0000,-9.7941,19.7487,-45.5322,25.0244,70.5566,22.0439,485.9341,7.0000,8.2760,5.2018,-0.3296,16.5894,16.9189,9.7750,95.5508,1.0000,4.9541,63.5969,-70.7300,75.6354,146.3654,63.7895,4069.1053,1.0000,40.3425,16.6719,22.0990,69.7961,47.6971,43.6517,1905.4735,0.0000,13.3491,bicep_curl,1
2025-04-18 22:26:01,12.1665,0.0000,12.1665,12.1665,0.0000,12.1665,148.0238,0.0000,-0.3607,0.0058,-0.3721,-0.3521,0.0200,0.3608,0.1302,0.0000,0.9161,0.0039,0.9102,0.9219,0.0117,0.9161,0.8393,0.0000,28.3000,0.5071,27.2217,29.2358,2.0142,28.3045,801.1453,0.0000,0.2767,0.3668,-0.5493,0.9766,1.5259,0.4595,0.2111,3.0000,-0.2604,0.8205,-1.4648,1.0986,2.5635,0.8609,0.7411,4.0000,0.0198,0.0350,-0.0439,0.0824,0.1263,0.0402,0.0016,3.0000,76.6252,0.0473,76.5582,76.7230,0.1648,76.6253,5871.4303,0.0000,20.7334,0.0821,20.6268,20.8960,0.2692,20.7336,429.8805,0.0000,13.4434,front_raise,0
2025-04-18 22:26:08,12.1665,0.0000,12.1665,12.1665,0.0000,12.1665,148.0238,0.0000,-0.3745,0.0082,-0.3862,-0.3604,0.0259,0.3746,0.1403,0.0000,0.9107,0.0041,0.9048,0.9194,0.0146,0.9107,0.8294,0.0000,28.5889,0.8875,27.1606,30.8838,3.7231,28.6026,818.1110,0.0000,1.0498,0.9501,-0.1831,2.8076,2.9907,1.4159,2.0047,2.0000,-0.3621,2.7429,-7.9956,5.1880,13.1836,2.7667,7.6545,9.0000,0.0450,0.1301,-0.1978,0.3131,0.5109,0.1377,0.0190,4.0000,76.6190,0.1414,76.3275,76.7999,0.4724,76.6191,5870.4940,0.0000,21.4764,0.2497,20.8026,21.7035,0.9009,21.4779,461.2998,0.0000,13.4517,front_raise,0
2025-04-18 22:26:14,12.1665,0.0000,12.1665,12.1665,0.0000,12.1665,148.0238,0.0000,-0.3802,0.0075,-0.3955,-0.3623,0.0332,0.3803,0.1446,0.0000,0.9057,0.0038,0.8955,0.9111,0.0156,0.9057,0.8204,0.0000,29.3945,0.3973,28.8086,30.0903,1.2817,29.3972,864.1963,0.0000,0.1546,0.3305,-0.3662,0.9766,1.3428,0.3649,0.1331,7.0000,0.3418,1.3932,-1.6479,3.2959,4.9438,1.4345,2.0579,6.0000,0.0132,0.0935,-0.2142,0.1208,0.3351,0.0944,0.0089,8.0000,76.1777,0.0745,76.0638,76.2946,0.2307,76.1778,5803.0528,0.0000,22.0320,0.1509,21.7969,22.2528,0.4559,22.0325,485.4310,0.0000,13.4525,front_raise,0
2025-04-18 22:26:20,12.1665,0.0000,12.1665,12.1665,0.0000,12.1665,148.0238,0.0000,-0.2756,0.0167,-0.3047,-0.2485,0.0562,0.2761,0.0762,0.0000,0.9229,0.0043,0.9165,0.9346,0.0181,0.9229,0.8518,0.0000,38.5864,0.6812,36.7432,39.3677,2.6245,38.5924,1489.3763,0.0000,-0.7609,1.4002,-4.3945,0.8545,5.2490,1.5936,2.5394,4.0000,5.0049,4.6834,-0.5493,17.5781,18.1274,6.8544,46.9829,2.0000,0.0487,0.1162,-0.0934,0.2747,0.3680,0.1260,0.0159,4.0000,72.3721,0.1243,72.1967,72.6361,0.4395,72.3722,5237.7320,0.0000,15.6138,0.3423,15.0842,16.2927,1.2085,15.6175,243.9070,0.0000,13.3650,front_raise,0
2025-04-18 22:26:29,12.1665,0.0000,12.1665,12.1665,0.0000,12.1665,148.0238,0.0000,-0.2998,0.0149,-0.3301,-0.2734,0.0566,0.3001,0.0901,0.0000,0.9084,0.0110,0.8853,0.9204,0.0352,0.9085,0.8254,0.0000,40.7308,2.2597,37.7808,44.6777,6.8970,40.7934,1664.1041,0.0000,-0.8870,2.3802,-7.3853,2.5635,9.9487,2.5401,6.4522,4.0000,-0.5290,3.6877,-8.0566,5.1270,13.1836,3.7254,13.8789,4.0000,0.0088,0.1972,-0.3131,0.4395,0.7526,0.1974,0.0390,5.0000,70.9343,1.0564,69.3732,72.0868,2.7136,70.9422,5032.7946,0.0000,17.5448,0.3201,16.9574,18.1219,1.1646,17.5477,307.9225,0.0000,13.3747,front_raise,0
2025-04-18 22:26:37,12.1665,0.0000,12.1665,12.1665,0.0000,12.1665,148.0238,0.0000,-0.3359,0.0085,-0.3506,-0.3237,0.0269,0.3360,0.1129,0.0000,0.9055,0.0039,0.8989,0.9155,0.0166,0.9055,0.8199,0.0000,38.2975,0.8057,36.8652,39.6729,2.8076,38.3060,1467.3496,0.0000,0.2563,0.8289,-0.8545,2.1362,2.9907,0.8676,0.7528,5.0000,0.8097,0.8190,-0.7324,2.0752,2.8076,1.1517,1.3265,4.0000,0.0117,0.0945,-0.1978,0.1428,0.3406,0.0952,0.0091,8.0000,72.0791,0.0658,71.9879,72.2296,0.2417,72.0791,5195.4012,0.0000,19.2283,0.0764,19.1052,19.3799,0.2747,19.2284,369.7323,0.0000,13.4079,front_raise,0
2025-04-18 22:27:15,12.1665,0.0000,12.1665,12.1665,0.0000,12.1665,148.0238,0.0000,-0.2452,0.1610,-0.5820,-0.0386,0.5435,0.2934,0.0861,0.0000,0.1957,0.2724,-0.1245,0.7261,0.8506,0.3354,0.1125,2.0000,107.5968,8.8212,86.7310,120.3003,33.5693,107.9578,11654.8943,0.0000,14.5833,45.6763,-54.6265,67.8711,122.4976,47.9478,2298.9959,1.0000,14.0177,35.4872,-38.5132,91.6748,130.1880,38.1554,1455.8372,2.0000,1.4081,2.9074,-2.5708,6.5424,9.1132,3.2304,10.4355,1.0000,11.4075,17.1337,-6.3995,49.7845,56.1841,20.5839,423.6950,2.0000,17.1599,4.6209,12.1179,26.3837,14.2657,17.7712,315.8156,0.0000,12.6616,front_raise,1
2025-04-18 22:27:23,12.1665,0.0000,12.1665,12.1665,0.0000,12.1665,148.0238,0.0000,-0.4049,0.1329,-0.5913,-0.1958,0.3955,0.4261,0.1816,0.0000,0.3075,0.4060,-0.2373,0.8701,1.1074,0.5093,0.2594,1.0000,90.2588,16.3296,53.3447,115.1123,61.7676,91.7241,8413.3064,0.0000,34.8145,29.2000,-37.5366,72.0825,109.6191,45.4388,2064.6850,1.0000,19.6493,18.6476,-13.5498,51.3306,64.8804,27.0892,733.8243,3.0000,3.0886,2.3931,-1.7633,6.9983,8.7616,3.9072,15.2663,1.0000,20.3192,28.5342,-13.8538,65.1050,78.9587,35.0296,1227.0700,1.0000,23.8275,4.0512,18.2703,30.8221,12.5519,24.1695,584.1630,0.0000,12.9880,front_raise,1
2025-04-18 22:27:30,12.1665,0.0000,12.1665,12.1665,0.0000,12.1665,148.0238,0.0000,-0.2397,0.1200,-0.4424,-0.0918,0.3506,0.2681,0.0719,0.0000,0.2645,0.4240,-0.2568,0.8779,1.1348,0.4998,0.2498,1.0000,99.8779,16.2755,65.1855,121.7651,56.5796,101.1953,10240.4942,0.0000,40.6494,33.7538,-35.2173,77.1484,112.3657,52.8365,2791.6913,1.0000,27.5798,27.9352,-14.5264,71.4111,85.9375,39.2558,1541.0185,1.0000,2.2335,2.0813,-0.9393,7.2345,8.1738,3.0530,9.3205,1.0000,16.3341,27.1562,-13.3484,63.8141,77.1625,31.6901,1004.2605,1.0000,14.1072,3.7985,8.3386,19.7369,11.3983,14.6096,213.4410,0.0000,12.8122,front_raise,1
2025-04-18 22:27:37,12.1665,0.0000,12.1665,12.1665,0.0000,12.1665,148.0238,0.0000,-0.2877,0.0889,-0.4214,-0.1294,0.2920,0.3011,0.0907,0.0000,0.3061,0.3989,-0.2095,0.8516,1.0610,0.5028,0.2528,1.0000,99.9674,15.1910,67.4438,114.9292,47.4854,101.1151,10224.2574,0.0000,41.1540,26.2742,-16.2354,73.8525,90.0879,48.8261,2383.9851,1.0000,18.0094,18.6747,-17.9443,60.1807,78.1250,25.9438,673.0830,3.0000,2.2383,1.5389,-0.3186,4.5264,4.8450,2.7162,7.3780,1.0000,20.7858,26.7950,-10.6567,64.9512,75.6079,33.9120,1150.0227,1.0000,19.1294,1.6038,16.7267,22.3242,5.5975,19.1965,368.5059,0.0000,12.8620,front_raise,1
2025-04-18 22:27:44,12.1665,0.0000,12.1665,12.1665,0.0000,12.1665,148.0238,0.0000,-0.2327,0.0951,-0.4272,-0.0923,0.3350,0.2514,0.0632,0.0000,0.7569,0.2851,0.0830,0.9814,0.8984,0.8088,0.6541,0.0000,74.9797,31.7244,36.3770,132.5684,96.1914,81.4149,6628.3869,0.0000,48.3643,44.5041,-7.0801,107.8491,114.9292,65.7245,4319.7120,3.0000,18.9819,14.2228,1.2817,41.4429,40.1611,23.7192,562.6005,0.0000,1.8984,2.2096,-1.0107,5.7513,6.7621,2.9132,8.4866,1.0000,52.3656,26.1118,-4.3011,73.8995,78.2007,58.5148,3423.9820,1.0000,14.8876,2.8059,11.0468,19.9072,8.8605,15.1497,229.5129,0.0000,13.1561,front_raise,1
2025-04-18 22:27:52,12.1665,0.0000,12.1665,12.1665,0.0000,12.1665,148.0238,0.0000,-0.2250,0.0757,-0.3818,-0.0825,0.2993,0.2374,0.0563,0.0000,0.7784,0.2729,0.0474,1.0508,1.0034,0.8248,0.6803,0.0000,75.0244,30.8630,34.9121,121.4600,86.5479,81.1245,6581.1848,0.0000,46.3135,47.8019,-19.4092,110.4126,129.8218,66.5579,4429.9573,3.0000,18.9128,17.3769,-5.2490,48.8281,54.0771,25.6836,659.6476,1.0000,1.5000,1.7265,-0.8679,4.7516,5.6195,2.2871,5.2309,3.0000,54.0531,23.7146,1.2360,74.0204,72.7844,59.0264,3484.1180,0.0000,13.5707,1.3948,11.5082,16.8530,5.3448,13.6422,186.1086,0.0000,13.1698,front_raise,1
2025-04-18 22:27:58,12.1665,0.0000,12.1665,12.1665,0.0000,12.1665,148.0238,0.0000,-0.3244,0.0064,-0.3408,-0.3140,0.0269,0.3244,0.1053,0.0000,0.8942,0.0034,0.8862,0.8989,0.0127,0.8942,0.7997,0.0000,43.5059,0.5910,42.6025,44.6777,2.0752,43.5099,1893.1091,0.0000,0.2604,0.7035,-0.9155,1.8921,2.8076,0.7502,0.5628,6.0000,0.3581,1.0512,-1.5869,2.5635,4.1504,1.1105,1.2333,8.0000,-0.0044,0.1095,-0.2197,0.1978,0.4175,0.1096,0.0120,5.0000,69.4856,0.0917,69.3567,69.6918,0.3351,69.4857,4828.2564,0.0000,18.7709,0.0886,18.5999,18.9185,0.3186,18.7711,352.3536,0.0000,13.3851,front_raise,0
2025-04-18 22:28:04,12.1665,0.0000,12.1665,12.1665,0.0000,12.1665,148.0238,0.0000,-0.3546,0.0065,-0.3682,-0.3418,0.0264,0.3546,0.1258,0.0000,0.8796,0.0030,0.8745,0.8867,0.0122,0.8796,0.7736,0.0000,44.1284,0.5892,42.9688,45.3491,2.3804,44.1324,1947.6645,0.0000,0.2238,0.7504,-0.8545,1.5259,2.3804,0.7831,0.6132,5.0000,0.3581,0.9453,-1.2207,2.1973,3.4180,1.0108,1.0217,5.0000,0.0029,0.0861,-0.1483,0.1868,0.3351,0.0861,0.0074,5.0000,68.9396,0.0816,68.7909,69.0601,0.2692,68.9396,4752.6717,0.0000,20.6440,0.1404,20.3247,20.8356,0.5109,20.6445,426.1962,0.0000,13.4006,front_raise,0
2025-04-18 22:28:10,12.1665,0.0000,12.1665,12.1665,0.0000,12.1665,148.0238,0.0000,-0.3590,0.0030,-0.3647,-0.3516,0.0132,0.3590,0.1289,0.0000,0.8785,0.0019,0.8745,0.8823,0.0078,0.8785,0.7718,0.0000,44.3888,0.5224,43.2129,45.1660,1.9531,44.3919,1970.6416,0.0000,0.3133,0.3821,-0.2441,1.0986,1.3428,0.4941,0.2441,6.0000,0.3296,0.4992,-1.1597,1.0986,2.2583,0.5982,0.3579,4.0000,0.0106,0.0239,-0.0385,0.0549,0.0934,0.0262,0.0007,6.0000,68.6895,0.0537,68.5986,68.7909,0.1923,68.6895,4718.2439,0.0000,20.7744,0.0360,20.7202,20.8411,0.1208,20.7744,431.5776,0.0000,13.4040,front_raise,0
2025-04-18 22:28:17,12.1665,0.0000,12.1665,12.1665,0.0000,12.1665,148.0238,0.0000,-0.3673,0.0052,-0.3799,-0.3604,0.0195,0.3673,0.1349,0.0000,0.8743,0.0037,0.8657,0.8823,0.0166,0.8744,0.7645,0.0000,44.4458,0.6537,43.2129,45.5322,2.3193,44.4506,1975.8565,0.0000,0.2279,0.8767,-1.8921,1.7700,3.6621,0.9058,0.8206,6.0000,0.4069,0.6326,-0.9766,1.5259,2.5024,0.7522,0.5657,3.0000,0.0059,0.0659,-0.1208,0.1208,0.2417,0.0661,0.0044,6.0000,68.6364,0.0749,68.4503,68.7634,0.3131,68.6364,4710.9545,0.0000,21.2454,0.0846,21.0388,21.3190,0.2802,21.2455,451.3725,0.0000,13.4081,front_raise,0
2025-04-18 22:28:23,12.1665,0.0000,12.1665,12.1665,0.0000,12.1665,148.0238,0.0000,-0.3713,0.0035,-0.3784,-0.3667,0.0117,0.3713,0.1379,0.0000,0.8722,0.0022,0.8682,0.8755,0.0073,0.8722,0.7607,0.0000,44.7021,0.3327,44.1284,45.2881,1.1597,44.7034,1998.3927,0.0000,0.4313,0.2466,0.1221,0.9766,0.8545,0.4969,0.2469,0.0000,0.4150,0.5103,-0.3052,1.2817,1.5869,0.6577,0.4326,7.0000,0.0146,0.0393,-0.0330,0.0824,0.1154,0.0419,0.0018,6.0000,68.5382,0.0375,68.4503,68.5767,0.1263,68.5382,4697.4874,0.0000,21.5658,0.0364,21.5057,21.6431,0.1373,21.5658,465.0849,0.0000,13.4100,front_raise,0
2025-04-18 22:28:33,12.1665,0.0000,12.1665,12.1665,0.0000,12.1665,148.0238,0.0000,-0.1932,0.1181,-0.3843,-0.0127,0.3716,0.2265,0.0513,0.0000,0.3751,0.4088,-0.1958,0.8877,1.0835,0.5548,0.3078,1.0000,99.1659,17.4436,68.6035,128.9673,60.3638,100.6884,10138.1438,0.0000,43.7378,36.2419,-33.9355,87.0972,121.0327,56.8020,3226.4672,1.0000,19.6818,16.0493,-1.6479,52.2461,53.8940,25.3959,644.9528,3.0000,1.6102,1.5426,-1.1646,4.5264,5.6909,2.2299,4.9723,1.0000,24.7295,27.8345,-9.5032,66.9122,76.4154,37.2331,1386.3059,1.0000,12.8346,1.5542,10.4205,14.6832,4.2627,12.9283,167.1422,0.0000,12.8137,front_raise,1
2025-04-18 22:28:39,12.1665,0.0000,12.1665,12.1665,0.0000,12.1665,148.0238,0.0000,-0.2767,0.0959,-0.4727,-0.1670,0.3057,0.2929,0.0858,0.0000,0.7456,0.2712,0.1021,0.9565,0.8545,0.7934,0.6295,0.0000,75.9766,27.8858,40.7104,116.0889,75.3784,80.9324,6550.0547,0.0000,42.7897,40.0760,-6.2256,97.2900,103.5156,58.6263,3437.0452,2.0000,17.4113,17.0567,-6.7139,47.7905,54.5044,24.3738,594.0832,4.0000,2.2277,2.4834,-0.5438,6.1633,6.7072,3.3361,11.1296,1.0000,52.2916,24.3261,0.3186,72.5812,72.2626,57.6730,3326.1710,0.0000,16.9241,2.7181,13.1506,20.9784,7.8278,17.1410,293.8125,0.0000,13.1888,front_raise,1
2025-04-18 22:28:46,12.1665,0.0000,12.1665,12.1665,0.0000,12.1665,148.0238,0.0000,-0.2859,0.0851,-0.5166,-0.1792,0.3374,0.2983,0.0890,0.0000,0.8644,0.0913,0.5791,0.9214,0.3423,0.8692,0.7555,0.0000,66.9271,23.7174,45.0439,115.1123,70.0684,71.0053,5041.7518,0.0000,27.2380,38.9920,-3.1128,104.9805,108.0933,47.5635,2262.2858,3.0000,18.8517,18.3803,1.2817,52.8564,51.5747,26.3291,693.2221,0.0000,1.5264,1.9207,-0.1538,5.3943,5.5481,2.4534,6.0190,2.0000,62.8634,11.7306,29.3774,69.6533,40.2759,63.9485,4089.4136,0.0000,15.8024,1.4454,14.1888,19.0997,4.9109,15.8683,251.8039,0.0000,13.3168,front_raise,1
2025-04-18 22:28:53,12.1665,0.0000,12.1665,12.1665,0.0000,12.1665,148.0238,0.0000,-0.2051,0.0866,-0.3955,-0.0117,0.3838,0.2226,0.0496,0.0000,0.9183,0.0513,0.7422,0.9814,0.2393,0.9198,0.8460,0.0000,62.0524,23.9185,42.0532,109.3750,67.3218,66.5026,4422.5981,0.0000,25.6104,45.4638,-8.4839,119.7510,128.2349,52.1809,2722.8445,2.0000,20.0928,23.0913,-8.6670,81.6650,90.3320,30.6092,936.9254,2.0000,0.9404,1.8625,-0.5328,5.6525,6.1853,2.0865,4.3535,3.0000,66.3798,9.9231,35.8154,73.5370,37.7216,67.1174,4504.7405,0.0000,12.4863,1.0376,10.4041,13.8318,3.4277,12.5294,156.9849,0.0000,13.2899,front_raise,1
2025-04-18 22:29:02,12.1665,0.0000,12.1665,12.1665,0.0000,12.1665,148.0238,0.0000,-0.2587,0.0903,-0.5039,-0.1743,0.3296,0.2740,0.0751,0.0000,0.8956,0.0544,0.7290,0.9351,0.2061,0.8973,0.8051,0.0000,64.3636,25.6145,43.1519,120.8496,77.6978,69.2732,4798.7754,0.0000,24.2757,35.7763,-3.1128,115.4175,118.5303,43.2348,1869.2508,3.0000,14.9577,20.4960,0.3052,61.4624,61.1572,25.3736,643.8186,0.0000,1.5216,2.2999,-0.3845,6.2292,6.6138,2.7576,7.6046,3.0000,64.7651,9.9886,35.2112,71.2244,36.0132,65.5309,4294.2956,0.0000,15.2285,1.9835,12.8650,19.5282,6.6632,15.3571,235.8418,0.0000,13.3208,front_raise,1
2025-04-18 22:29:09,12.1665,0.0000,12.1665,12.1665,0.0000,12.1665,148.0238,0.0000,-0.3587,0.0062,-0.3711,-0.3481,0.0229,0.3587,0.1287,0.0000,0.8830,0.0039,0.8735,0.8892,0.0156,0.8830,0.7797,0.0000,42.6025,0.4578,41.8701,43.3350,1.4648,42.6050,1815.1859,0.0000,0.2686,0.4233,-0.4272,0.9766,1.4038,0.5013,0.2513,8.0000,0.6836,0.8910,-0.7935,2.8687,3.6621,1.1230,1.2611,3.0000,-0.0092,0.0751,-0.1208,0.1318,0.2527,0.0757,0.0057,6.0000,69.6456,0.0417,69.5764,69.7137,0.1373,69.6456,4850.5155,0.0000,20.8370,0.0857,20.6268,20.9454,0.3186,20.8372,434.1894,0.0000,13.4082,front_raise,0
2025-04-18 22:29:15,12.1665,0.0000,12.1665,12.1665,0.0000,12.1665,148.0238,0.0000,-0.3792,0.0076,-0.3965,-0.3691,0.0273,0.3792,0.1438,0.0000,0.8727,0.0030,0.8682,0.8774,0.0093,0.8727,0.7617,0.0000,43.2251,0.5382,42.2363,44.2505,2.0142,43.2284,1868.6987,0.0000,-0.0692,0.8501,-2.0142,1.2207,3.2349,0.8529,0.7274,4.0000,1.3713,1.1546,-0.3662,4.0283,4.3945,1.7926,3.2134,2.0000,0.0209,0.0814,-0.1648,0.1648,0.3296,0.0840,0.0071,6.0000,69.2384,0.0622,69.1260,69.3512,0.2252,69.2384,4793.9604,0.0000,22.0052,0.1896,21.7804,22.3187,0.5383,22.0061,484.2669,0.0000,13.4184,front_raise,0
2025-04-18 22:29:20,12.1665,0.0000,12.1665,12.1665,0.0000,12.1665,148.0238,0.0000,-0.3873,0.0023,-0.3911,-0.3838,0.0073,0.3873,0.1500,0.0000,0.8691,0.0031,0.8633,0.8735,0.0103,0.8691,0.7553,0.0000,43.0461,0.2245,42.6636,43.3960,0.7324,43.0466,1853.0138,0.0000,0.2563,0.3307,-0.2441,0.7324,0.9766,0.4184,0.1751,5.0000,0.7975,0.3463,0.0610,1.3428,1.2817,0.8695,0.7560,0.0000,0.0172,0.0279,-0.0275,0.0714,0.0989,0.0327,0.0011,4.0000,69.2329,0.0229,69.1974,69.2798,0.0824,69.2329,4793.1964,0.0000,22.5557,0.0219,22.5055,22.5879,0.0824,22.5557,508.7585,0.0000,13.4229,front_raise,0
2025-04-18 22:29:26,12.1665,0.0000,12.1665,12.1665,0.0000,12.1665,148.0238,0.0000,-0.3939,0.0027,-0.3989,-0.3896,0.0093,0.3939,0.1551,0.0000,0.8678,0.0035,0.8604,0.8765,0.0161,0.8678,0.7531,0.0000,42.5374,0.4076,41.8701,43.2129,1.3428,42.5394,1809.5995,0.0000,0.0814,0.5912,-1.2207,0.8545,2.0752,0.5968,0.3561,5.0000,0.8219,0.2947,0.3662,1.4038,1.0376,0.8732,0.7624,0.0000,0.0022,0.0413,-0.0549,0.0714,0.1263,0.0414,0.0017,6.0000,69.3658,0.0486,69.3018,69.4995,0.1978,69.3659,4811.6228,0.0000,22.9526,0.0463,22.8406,23.0328,0.1923,22.9527,526.8257,0.0000,13.4282,front_raise,0
2025-04-18 22:29:32,12.1665,0.0000,12.1665,12.1665,0.0000,12.1665,148.0238,0.0000,-0.1764,0.1122,-0.3120,0.0620,0.3740,0.2091,0.0437,1.0000,0.5745,0.3779,-0.1582,0.9219,1.0801,0.6876,0.4728,1.0000,87.8133,24.2702,47.0581,123.5962,76.5381,91.1055,8300.2207,0.0000,48.3602,32.4682,2.1362,104.8584,102.7222,58.2486,3392.8943,0.0000,19.3359,22.2136,-6.4697,70.8008,77.2705,29.4503,867.3206,3.0000,1.6853,1.2701,-0.4175,4.1089,4.5264,2.1103,4.4533,1.0000,39.4841,27.9810,-9.5197,69.5050,79.0247,48.3935,2341.9308,1.0000,12.3325,2.4380,8.5474,15.2710,6.7236,12.5712,158.0348,0.0000,12.9577,front_raise,1
2025-04-18 22:29:39,12.1665,0.0000,12.1665,12.1665,0.0000,12.1665,148.0238,0.0000,-0.2704,0.0918,-0.4990,-0.1387,0.3604,0.2856,0.0816,0.0000,0.8735,0.1301,0.4370,0.9756,0.5386,0.8831,0.7799,0.0000,62.3250,25.2816,40.0391,114.8682,74.8291,67.2575,4523.5701,0.0000,29.5614,42.3733,-11.4136,105.5298,116.9434,51.6660,2669.3739,3.0000,26.3957,30.9215,-7.6294,96.1914,103.8208,40.6555,1652.8728,2.0000,1.8029,2.9490,-1.2744,7.7618,9.0363,3.4564,11.9469,1.0000,63.5251,15.1080,22.2198,73.9160,51.6962,65.2970,4263.6965,0.0000,16.1323,1.6628,12.9639,18.7042,5.7404,16.2178,263.0168,0.0000,13.3104,front_raise,1
2025-04-18 22:29:46,12.1665,0.0000,12.1665,12.1665,0.0000,12.1665,148.0238,0.0000,-0.2459,0.0614,-0.3955,-0.1323,0.2632,0.2534,0.0642,0.0000,0.8616,0.1265,0.4746,0.9780,0.5034,0.8709,0.7584,0.0000,67.2770,26.8640,41.1377,121.0327,79.8950,72.4422,5247.8691,0.0000,34.6842,44.3950,-7.8735,120.0562,127.9297,56.3375,3173.9141,3.0000,13.2528,20.5534,-31.2500,45.1050,76.3550,24.4557,598.0792,3.0000,1.4579,1.9185,-0.7086,4.8120,5.5206,2.4096,5.8060,1.0000,62.0083,15.8522,20.7697,73.0975,52.3279,64.0025,4096.3231,0.0000,15.1099,1.4712,13.0353,19.1766,6.1414,15.1813,230.4723,0.0000,13.2740,front_raise,1
2025-04-18 22:30:18,12.1665,0.0000,12.1665,12.1665,0.0000,12.1665,148.0238,0.0000,-0.3499,0.1350,-0.5708,-0.1807,0.3901,0.3750,0.1407,0.0000,0.3548,0.3975,-0.1528,0.8999,1.0527,0.5329,0.2839,1.0000,93.1478,16.1113,59.6313,115.8447,56.2134,94.5309,8936.0853,0.0000,34.2448,30.6981,-40.8936,68.7256,109.6191,45.9900,2115.0783,1.0000,22.0947,29.1326,-12.4512,87.9517,100.4028,36.5635,1336.8865,4.0000,2.5616,2.3388,-1.5985,6.8170,8.4155,3.4687,12.0322,1.0000,23.4562,26.9958,-8.3716,65.0006,73.3722,35.7626,1278.9635,1.0000,18.7625,3.7535,12.7386,26.4056,13.6670,19.1342,366.1182,0.0000,12.9449,front_raise,1
2025-04-18 22:30:24,12.1665,0.0000,12.1665,12.1665,0.0000,12.1665,148.0238,0.0000,-0.3258,0.0069,-0.3384,-0.3101,0.0283,0.3259,0.1062,0.0000,0.8951,0.0075,0.8838,0.9077,0.0239,0.8951,0.8012,0.0000,43.6117,1.2213,41.3208,45.9595,4.6387,43.6288,1903.4679,0.0000,0.7609,1.3971,-0.8545,4.0283,4.8828,1.5909,2.5310,6.0000,1.1271,0.9816,-0.6714,2.6245,3.2959,1.4946,2.2339,1.0000,-0.0168,0.0870,-0.2197,0.1044,0.3241,0.0886,0.0078,3.0000,69.3538,0.2007,68.7524,69.5764,0.8240,69.3541,4809.9843,0.0000,18.6606,0.3261,18.0231,18.9679,0.9448,18.6635,348.3260,0.0000,13.3874,front_raise,0
2025-04-18 22:30:31,12.1665,0.0000,12.1665,12.1665,0.0000,12.1665,148.0238,0.0000,-0.3235,0.1571,-0.5693,0.0669,0.6362,0.3596,0.1293,1.0000,0.8934,0.0303,0.8447,0.9551,0.1104,0.8939,0.7991,0.0000,38.9364,6.1839,27.8931,49.6216,21.7285,39.4244,1554.2808,0.0000,-4.5247,22.4974,-56.3354,47.6685,104.0039,22.9479,526.6070,4.0000,37.8703,118.5883,-201.6602,305.1147,506.7749,124.4883,15497.3435,4.0000,-0.0403,0.5254,-1.3953,0.8954,2.2906,0.5270,0.2777,4.0000,70.3590,1.4346,67.6703,72.8613,5.1910,70.3736,4952.4483,0.0000,18.4285,5.9077,2.3291,24.2249,21.8958,19.3522,374.5094,0.0000,13.3924,front_raise,0
2025-04-18 22:30:45,12.1665,0.0000,12.1665,12.1665,0.0000,12.1665,148.0238,0.0000,-0.4973,0.0430,-0.5430,-0.3760,0.1670,0.4992,0.2492,0.0000,0.8402,0.0100,0.8223,0.8643,0.0420,0.8403,0.7060,0.0000,32.8776,4.1047,26.6724,40.4053,13.7329,33.1328,1097.7854,0.0000,2.5716,6.0134,-10.3760,16.8457,27.2217,6.5402,42.7743,5.0000,-10.9497,20.7338,-63.4155,25.0244,88.4399,23.4475,549.7850,1.0000,0.0201,0.2542,-0.4120,0.4504,0.8624,0.2550,0.0650,4.0000,73.2400,1.1195,71.3397,74.5477,3.2080,73.2485,5365.3494,0.0000,29.1661,1.2370,26.0925,30.5420,4.4495,29.1924,852.1937,0.0000,13.5040,front_raise,0
2025-04-18 22:30:52,12.1665,0.0000,12.1665,12.1665,0.0000,12.1665,148.0238,0.0000,-0.2486,0.1516,-0.4585,0.0308,0.4893,0.2912,0.0848,3.0000,0.6854,0.3886,-0.1797,0.9736,1.1533,0.7879,0.6207,1.0000,70.3125,28.8185,32.0435,121.2769,89.2334,75.9892,5774.3564,0.0000,46.9320,43.3832,-4.2725,125.2441,129.5166,63.9117,4084.7113,2.0000,24.3774,34.5708,-31.9824,92.2241,124.2065,42.3013,1789.3992,2.0000,2.2928,2.3156,-0.4889,5.8008,6.2897,3.2587,10.6193,1.0000,49.0990,31.7178,-12.4750,75.8990,88.3740,58.4528,3416.7337,1.0000,16.8984,2.7184,14.1779,22.0276,7.8497,17.1157,292.9469,0.0000,13.1451,front_raise,1
2025-04-18 22:30:58,12.1665,0.0000,12.1665,12.1665,0.0000,12.1665,148.0238,0.0000,-0.3077,0.0773,-0.4502,-0.1445,0.3057,0.3173,0.1007,0.0000,0.7344,0.2729,0.0586,0.9712,0.9126,0.7835,0.6138,0.0000,73.2178,30.0156,36.8652,117.8589,80.9937,79.1314,6261.7779,0.0000,39.1073,32.3059,-2.6245,82.3975,85.0220,50.7252,2573.0458,3.0000,23.9950,15.9282,5.4932,52.6123,47.1191,28.8005,829.4669,0.0000,2.2632,2.0445,-0.6812,5.3723,6.0535,3.0499,9.3018,1.0000,54.4175,22.8076,6.6467,74.4653,67.8186,59.0038,3481.4499,0.0000,17.8872,2.2101,15.0787,21.3629,6.2842,18.0232,324.8369,0.0000,13.2087,front_raise,1
2025-04-18 22:31:05,12.1665,0.0000,12.1665,12.1665,0.0000,12.1665,148.0238,0.0000,-0.3084,0.1390,-0.4775,-0.0527,0.4248,0.3383,0.1144,0.0000,0.5968,0.3607,-0.1362,0.9346,1.0708,0.6974,0.4863,1.0000,81.7261,25.4612,35.7666,113.7695,78.0029,85.6004,7327.4218,0.0000,42.3910,28.4236,1.6479,83.1909,81.5430,51.0381,2604.8924,0.0000,31.7098,28.4153,-11.7798,102.7222,114.5020,42.5786,1812.9406,4.0000,2.5613,1.7226,-0.1318,5.7513,5.8832,3.0867,9.5275,1.0000,42.1688,27.8837,-7.6740,70.8618,78.5358,50.5540,2555.7090,1.0000,18.3322,2.3308,13.5132,22.1210,8.6078,18.4797,341.5006,0.0000,13.0981,front_raise,1
2025-04-18 22:31:11,12.1665,0.0000,12.1665,12.1665,0.0000,12.1665,148.0238,0.0000,-0.3539,0.0122,-0.3774,-0.3213,0.0562,0.3541,0.1254,0.0000,0.8843,0.0065,0.8687,0.8926,0.0239,0.8844,0.7821,0.0000,42.7979,0.8606,41.5649,44.4336,2.8687,42.8065,1832.3968,0.0000,0.3703,0.9182,-1.2207,2.2583,3.4790,0.9901,0.9802,6.0000,1.7171,2.8243,-3.4790,7.0190,10.4980,3.3053,10.9250,7.0000,0.0183,0.0960,-0.2252,0.1483,0.3735,0.0977,0.0095,3.0000,69.5522,0.3986,68.7744,70.0159,1.2415,69.5534,4837.6738,0.0000,20.5444,0.1399,20.3412,20.7861,0.4449,20.5449,422.0933,0.0000,13.4048,front_raise,0
2025-04-18 22:31:17,12.1665,0.0000,12.1665,12.1665,0.0000,12.1665,148.0238,0.0000,-0.3815,0.0090,-0.3994,-0.3682,0.0312,0.3816,0.1456,0.0000,0.8753,0.0041,0.8677,0.8809,0.0132,0.8753,0.7661,0.0000,41.9108,1.0734,39.9780,43.6401,3.6621,41.9246,1757.6680,0.0000,0.0570,1.2448,-1.8311,2.9907,4.8218,1.2461,1.5527,6.0000,0.7121,1.3602,-1.2207,4.6387,5.8594,1.5353,2.3571,3.0000,-0.0114,0.1307,-0.2252,0.2087,0.4340,0.1312,0.0172,5.0000,69.7529,0.1002,69.4995,69.8840,0.3845,69.7530,4865.4812,0.0000,22.1653,0.2767,21.5826,22.5000,0.9174,22.1670,491.3763,0.0000,13.4233,front_raise,0
2025-04-18 22:31:26,12.1665,0.0000,12.1665,12.1665,0.0000,12.1665,148.0238,0.0000,-0.2273,0.1271,-0.4355,-0.0127,0.4229,0.2605,0.0678,0.0000,0.5143,0.4229,-0.2197,0.9277,1.1475,0.6659,0.4434,1.0000,89.9984,24.2037,46.8140,124.0234,77.2095,93.1962,8685.5267,0.0000,49.3449,35.5922,-1.8311,98.8159,100.6470,60.8418,3701.7263,1.0000,17.8263,24.5305,-28.9917,51.3916,80.3833,30.3236,919.5221,6.0000,1.7816,1.5368,-0.4614,4.5923,5.0537,2.3528,5.5358,2.0000,34.9761,30.2891,-12.1509,69.3512,81.5021,46.2683,2140.7562,1.0000,13.7823,2.5221,9.2725,17.2046,7.9321,14.0112,196.3143,0.0000,12.9764,front_raise,1
2025-04-18 22:31:32,12.1665,0.0000,12.1665,12.1665,0.0000,12.1665,148.0238,0.0000,-0.2454,0.1303,-0.4390,-0.0361,0.4028,0.2778,0.0772,0.0000,0.2644,0.3865,-0.2539,0.9077,1.1616,0.4683,0.2193,2.0000,99.2269,12.4657,79.5288,117.9199,38.3911,100.0068,10001.3698,0.0000,20.6177,72.0584,-111.9385,90.8813,202.8198,74.9500,5617.5046,1.0000,8.5490,35.8029,-50.8423,64.8804,115.7227,36.8094,1354.9355,1.0000,0.8771,3.8200,-6.5588,6.0590,12.6178,3.9194,15.3618,1.0000,12.5588,25.2170,-17.0013,62.2266,79.2279,28.1713,793.6225,2.0000,18.4384,2.9393,14.5294,24.5160,9.9866,18.6712,348.6124,0.0000,12.7961,front_raise,1
2025-04-18 22:40:26,12.1665,0.0000,12.1665,12.1665,0.0000,12.1665,148.0238,0.0000,-0.3056,0.0148,-0.3418,-0.2725,0.0693,0.3060,0.0936,0.0000,0.9266,0.0043,0.9199,0.9355,0.0156,0.9266,0.8586,0.0000,32.6090,0.4762,31.3110,33.3252,2.0142,32.6125,1063.5768,0.0000,0.8382,1.2442,-1.0986,3.9062,5.0049,1.5002,2.2506,4.0000,-0.1709,2.0789,-5.2490,2.8076,8.0566,2.0859,4.3511,5.0000,-0.0172,0.1367,-0.3845,0.2362,0.6207,0.1378,0.0190,10.0000,75.0348,0.0983,74.8279,75.1794,0.3516,75.0349,5630.2294,0.0000,17.6935,0.0908,17.5781,17.9462,0.3680,17.6937,313.0675,0.0000,13.3987,lateral_raise,0
2025-04-18 22:40:32,12.1665,0.0000,12.1665,12.1665,0.0000,12.1665,148.0238,0.0000,-0.3263,0.0069,-0.3364,-0.3125,0.0239,0.3264,0.1065,0.0000,0.9205,0.0025,0.9170,0.9263,0.0093,0.9205,0.8473,0.0000,32.0190,0.7026,30.6396,33.5693,2.9297,32.0268,1025.7127,0.0000,0.4395,0.5166,-0.6714,1.2207,1.8921,0.6782,0.4599,4.0000,0.3418,0.5183,-0.4883,1.4648,1.9531,0.6208,0.3854,7.0000,-0.0007,0.0551,-0.1154,0.1208,0.2362,0.0551,0.0030,8.0000,75.2175,0.0834,75.0916,75.4102,0.3186,75.2176,5657.6837,0.0000,18.8478,0.0468,18.7592,18.9240,0.1648,18.8478,355.2409,0.0000,13.4133,lateral_raise,0
2025-04-18 22:40:37,12.1665,0.0000,12.1665,12.1665,0.0000,12.1665,148.0238,0.0000,-0.3459,0.0075,-0.3569,-0.3320,0.0249,0.3460,0.1197,0.0000,0.9141,0.0028,0.9097,0.9199,0.0103,0.9141,0.8356,0.0000,32.2957,0.9218,31.0669,34.3628,3.2959,32.3089,1043.8643,0.0000,0.2360,0.5198,-1.0376,0.8545,1.8921,0.5708,0.3258,6.0000,0.3540,0.4899,-0.3052,1.1597,1.4648,0.6044,0.3653,3.0000,0.0044,0.0919,-0.1318,0.1593,0.2911,0.0920,0.0085,10.0000,75.0000,0.0360,74.9377,75.0641,0.1263,75.0000,5625.0013,0.0000,19.9424,0.0606,19.8303,20.0391,0.2087,19.9425,397.7023,0.0000,13.4265,lateral_raise,0
2025-04-18 22:40:42,12.1665,0.0000,12.1665,12.1665,0.0000,12.1665,148.0238,0.0000,-0.3505,0.0040,-0.3589,-0.3433,0.0156,0.3505,0.1229,0.0000,0.9120,0.0033,0.9062,0.9194,0.0132,0.9120,0.8318,0.0000,32.4544,0.5516,31.3110,33.4473,2.1362,32.4591,1053.5941,0.0000,0.2238,0.4162,-0.6714,0.7935,1.4648,0.4725,0.2233,5.0000,0.2279,0.7550,-0.9155,1.8311,2.7466,0.7886,0.6219,6.0000,0.0128,0.0409,-0.0604,0.0934,0.1538,0.0429,0.0018,8.0000,74.8733,0.0403,74.8279,74.9817,0.1538,74.8733,5606.0113,0.0000,20.2057,0.0331,20.1489,20.2698,0.1208,20.2057,408.2709,0.0000,13.4290,lateral_raise,0
2025-04-18 22:40:48,12.1665,0.0000,12.1665,12.1665,0.0000,12.1665,148.0238,0.0000,-0.3545,0.0031,-0.3579,-0.3472,0.0107,0.3545,0.1257,0.0000,0.9088,0.0030,0.9023,0.9136,0.0112,0.9088,0.8259,0.0000,32.4748,0.6150,31.6772,33.4473,1.7700,32.4806,1054.9890,0.0000,0.2157,0.4507,-0.5493,0.9155,1.4648,0.4996,0.2496,7.0000,0.5371,0.5004,-0.4883,1.4038,1.8921,0.7341,0.5389,5.0000,0.0132,0.0411,-0.0549,0.0934,0.1483,0.0432,0.0019,8.0000,74.8088,0.0356,74.7455,74.8608,0.1154,74.8088,5596.3635,0.0000,20.4401,0.0366,20.3741,20.5005,0.1263,20.4401,417.7975,0.0000,13.4298,lateral_raise,0
2025-04-18 22:40:55,12.1665,0.0000,12.1665,12.1665,0.0000,12.1665,148.0238,0.0000,-0.3529,0.0062,-0.3613,-0.3379,0.0234,0.3530,0.1246,0.0000,0.9110,0.0023,0.9058,0.9141,0.0083,0.9110,0.8300,0.0000,32.2917,0.5762,31.4941,33.4473,1.9531,32.2968,1043.0838,0.0000,0.4069,0.3529,-0.3052,0.9155,1.2207,0.5386,0.2901,4.0000,0.2604,0.5493,-0.7324,1.4038,2.1362,0.6079,0.3695,3.0000,0.0165,0.0595,-0.0879,0.1263,0.2142,0.0617,0.0038,10.0000,74.9312,0.0209,74.9048,74.9707,0.0659,74.9312,5614.6780,0.0000,20.3866,0.0441,20.3247,20.4840,0.1593,20.3866,415.6153,0.0000,13.4304,lateral_raise,0
2025-04-18 22:41:05,12.1665,0.0000,12.1665,12.1665,0.0000,12.1665,148.0238,0.0000,-0.2899,0.1924,-0.6860,-0.0166,0.6694,0.3480,0.1211,0.0000,0.3394,0.4779,-0.3149,0.9434,1.2583,0.5862,0.3436,1.0000,89.6281,19.2777,53.3447,116.2109,62.8662,91.6778,8404.8249,0.0000,50.3988,48.3759,-52.5513,108.3984,160.9497,69.8589,4880.2639,1.0000,18.5913,29.7287,-25.8179,86.8530,112.6709,35.0632,1229.4300,2.0000,1.4432,1.1639,0.0769,4.1089,4.0320,1.8541,3.4376,0.0000,22.5784,32.8712,-16.5289,70.8179,87.3468,39.8786,1590.3015,1.0000,18.4808,7.7077,5.4437,26.2518,20.8081,20.0237,400.9495,0.0000,12.9583,lateral_raise,1
2025-04-18 22:41:11,12.1665,0.0000,12.1665,12.1665,0.0000,12.1665,148.0238,0.0000,-0.3596,0.0773,-0.4785,-0.1143,0.3643,0.3678,0.1353,0.0000,0.8954,0.0387,0.7729,0.9487,0.1758,0.8963,0.8033,0.0000,55.8390,29.6510,30.1514,112.3047,82.1533,63.2232,3997.1781,0.0000,32.6213,48.7007,-0.7324,144.1650,144.8975,58.6166,3435.9001,2.0000,3.3610,11.3635,-14.7705,28.1372,42.9077,11.8501,140.4256,4.0000,0.1469,0.4977,-0.6812,1.2799,1.9611,0.5189,0.2692,5.0000,66.7039,10.4432,35.3760,72.7954,37.4194,67.5164,4558.4646,0.0000,23.8341,1.0554,22.9999,26.4276,3.4277,23.8575,569.1785,0.0000,13.4215,lateral_raise,1
2025-04-18 22:41:20,12.1665,0.0000,12.1665,12.1665,0.0000,12.1665,148.0238,0.0000,-0.2974,0.1731,-0.4976,0.0044,0.5020,0.3441,0.1184,2.0000,0.5210,0.4626,-0.3716,0.9106,1.2822,0.6968,0.4855,1.0000,80.9448,27.8252,38.0249,123.2910,85.2661,85.5938,7326.3037,0.0000,63.8875,39.7483,1.3428,123.9624,122.6196,75.2432,5661.5420,0.0000,14.3921,25.9005,-25.4517,66.5894,92.0410,29.6305,877.9682,4.0000,0.5500,1.0493,-1.1371,2.4664,3.6035,1.1847,1.4036,3.0000,35.7341,34.1612,-19.3964,73.2294,92.6257,49.4360,2443.9166,1.0000,17.4357,6.8448,3.8177,23.3789,19.5612,18.7311,350.8532,0.0000,13.0934,lateral_raise,1
2025-04-18 22:41:34,12.1665,0.0000,12.1665,12.1665,0.0000,12.1665,148.0238,0.0000,-0.2834,0.2007,-0.6733,-0.0493,0.6240,0.3473,0.1206,0.0000,0.2231,0.3867,-0.2705,0.8726,1.1431,0.4465,0.1993,2.0000,101.1027,16.5593,74.7070,127.5024,52.7954,102.4498,10495.9674,0.0000,22.9492,77.8254,-90.2100,127.3804,217.5903,81.1385,6583.4602,1.0000,12.5326,33.1938,-36.1328,107.6660,143.7988,35.4809,1258.8953,2.0000,1.1528,1.5132,-0.4504,4.4769,4.9274,1.9023,3.6189,2.0000,12.5764,24.6536,-13.8867,62.1771,76.0638,27.6761,765.9643,2.0000,15.5541,8.0168,6.9379,26.3947,19.4568,17.4985,306.1977,0.0000,12.8160,lateral_raise,1
2025-04-18 22:41:43,12.1665,0.0000,12.1665,12.1665,0.0000,12.1665,148.0238,0.0000,-0.3535,0.1341,-0.6240,-0.0928,0.5312,0.3781,0.1430,0.0000,0.6360,0.4012,-0.2944,0.9595,1.2539,0.7519,0.5654,1.0000,71.6187,30.6868,27.1606,119.5068,92.3462,77.9161,6070.9116,0.0000,63.8794,44.1753,0.7935,138.1226,137.3291,77.6662,6032.0360,0.0000,9.4808,27.9211,-45.1050,62.6831,107.7881,29.4869,869.4753,5.0000,0.8214,1.7475,-0.9174,6.2677,7.1851,1.9309,3.7283,5.0000,45.6405,32.6984,-15.7928,75.5750,91.3678,56.1448,3152.2393,1.0000,21.2369,4.6401,9.8438,25.0488,15.2051,21.7379,472.5381,0.0000,13.2076,lateral_raise,1
2025-04-18 22:41:50,12.1665,0.0000,12.1665,12.1665,0.0000,12.1665,148.0238,0.0000,-0.2538,0.1293,-0.3892,0.0215,0.4106,0.2848,0.0811,2.0000,0.4470,0.5105,-0.4072,0.9717,1.3789,0.6785,0.4604,1.0000,79.5288,25.5317,33.5083,123.2910,89.7827,83.5266,6976.6981,0.0000,60.9904,50.9212,-52.8564,125.8545,178.7109,79.4531,6312.7927,1.0000,8.7850,26.3581,-26.3672,55.4199,81.7871,27.7835,771.9251,4.0000,0.5526,0.9599,-0.8514,2.1588,3.0103,1.1076,1.2267,4.0000,30.0494,35.9045,-20.1434,73.7238,93.8672,46.8199,2192.1027,1.0000,18.2465,6.5759,5.3943,23.6975,18.3032,19.3953,376.1759,0.0000,13.0271,lateral_raise,1
2025-04-18 22:41:58,12.1665,0.0000,12.1665,12.1665,0.0000,12.1665,148.0238,0.0000,-0.3858,0.0166,-0.4150,-0.3496,0.0654,0.3862,0.1491,0.0000,0.8906,0.0078,0.8696,0.9053,0.0356,0.8906,0.7932,0.0000,34.9609,1.1063,32.8369,36.6211,3.7842,34.9784,1223.4911,0.0000,-0.0936,1.0307,-1.7090,1.6479,3.3569,1.0350,1.0711,5.0000,0.9888,2.0524,-2.6245,5.4932,8.1177,2.2781,5.1898,6.0000,-0.0176,0.1917,-0.2966,0.3735,0.6702,0.1925,0.0371,8.0000,73.3253,0.1538,73.0426,73.5590,0.5164,73.3255,5376.6258,0.0000,22.5264,0.1910,22.1704,22.8241,0.6537,22.5272,507.4737,0.0000,13.4429,lateral_raise,0
2025-04-18 22:42:04,12.1665,0.0000,12.1665,12.1665,0.0000,12.1665,148.0238,0.0000,-0.3912,0.0047,-0.3984,-0.3794,0.0190,0.3913,0.1531,0.0000,0.8879,0.0027,0.8823,0.8926,0.0103,0.8879,0.7884,0.0000,35.5021,0.4059,34.8511,36.1938,1.3428,35.5044,1260.5650,0.0000,0.2808,0.3681,-0.5493,0.7935,1.3428,0.4630,0.2143,4.0000,0.4679,0.5557,-0.5493,1.3428,1.8921,0.7265,0.5277,5.0000,0.0015,0.0571,-0.1099,0.0769,0.1868,0.0572,0.0033,6.0000,72.9954,0.0484,72.8943,73.0536,0.1593,72.9954,5328.3251,0.0000,22.7267,0.0668,22.5934,22.8461,0.2527,22.7268,516.5067,0.0000,13.4456,lateral_raise,0
2025-04-18 22:42:10,12.1665,0.0000,12.1665,12.1665,0.0000,12.1665,148.0238,0.0000,-0.4016,0.1484,-0.6797,-0.1699,0.5098,0.4281,0.1833,0.0000,0.8680,0.0277,0.8042,0.9185,0.1143,0.8685,0.7542,0.0000,39.5508,9.7156,25.4517,54.4434,28.9917,40.7266,1658.6577,0.0000,-0.1221,16.6945,-37.7808,34.2407,72.0215,16.6949,278.7198,4.0000,12.4471,86.4404,-121.2769,220.3369,341.6138,87.3320,7626.8790,3.0000,-0.0568,0.6626,-1.2085,1.3403,2.5488,0.6651,0.4423,5.0000,70.1715,3.1247,64.9841,74.0369,9.0527,70.2410,4933.8046,0.0000,22.2623,4.9560,13.8208,29.2566,15.4358,22.8073,520.1732,0.0000,13.4361,lateral_raise,0
2025-04-18 22:42:15,12.1665,0.0000,12.1665,12.1665,0.0000,12.1665,148.0238,0.0000,-0.3938,0.0072,-0.4067,-0.3745,0.0322,0.3939,0.1552,0.0000,0.8873,0.0053,0.8750,0.8970,0.0220,0.8873,0.7873,0.0000,35.1074,0.6429,34.2407,36.4990,2.2583,35.1133,1232.9444,0.0000,0.0529,0.7075,-0.9766,0.9766,1.9531,0.7095,0.5034,5.0000,1.4608,2.1621,-2.0752,7.3242,9.3994,2.6093,6.8086,3.0000,0.0293,0.0806,-0.0549,0.1978,0.2527,0.0858,0.0074,6.0000,73.3513,0.1180,73.1470,73.5535,0.4065,73.3514,5380.4298,0.0000,22.8391,0.1588,22.5604,23.0548,0.4944,22.8397,521.6502,0.0000,13.4477,lateral_raise,0
2025-04-18 22:42:27,12.1665,0.0000,12.1665,12.1665,0.0000,12.1665,148.0238,0.0000,-0.4013,0.0056,-0.4121,-0.3877,0.0244,0.4014,0.1611,0.0000,0.8838,0.0035,0.8774,0.8926,0.0151,0.8838,0.7811,0.0000,35.6649,0.4273,35.0342,36.4380,1.4038,35.6674,1272.1660,0.0000,0.1912,0.3071,-0.3662,0.7935,1.1597,0.3618,0.1309,2.0000,0.2482,0.6069,-0.8545,1.5869,2.4414,0.6557,0.4299,4.0000,0.0212,0.0754,-0.0879,0.1758,0.2637,0.0783,0.0061,6.0000,72.9573,0.0642,72.8668,73.0865,0.2197,72.9573,5322.7682,0.0000,23.2742,0.0531,23.1372,23.3405,0.2032,23.2742,541.6898,0.0000,13.4516,lateral_raise,0
2025-04-18 22:42:35,12.1665,0.0000,12.1665,12.1665,0.0000,12.1665,148.0238,0.0000,-0.2926,0.1995,-0.5752,0.0112,0.5864,0.3542,0.1254,4.0000,0.3436,0.5030,-0.4360,0.8926,1.3286,0.6091,0.3710,1.0000,89.2131,23.1775,53.0396,122.3755,69.3359,92.1747,8496.1665,0.0000,61.5397,35.1701,-20.8130,104.6753,125.4883,70.8807,5024.0705,1.0000,21.6512,22.1610,-14.2212,52.5513,66.7725,30.9820,959.8849,5.0000,0.9774,1.2769,-0.9283,3.1915,4.1199,1.6081,2.5859,3.0000,23.7239,35.2220,-24.5709,70.1862,94.7571,42.4666,1803.4123,1.0000,17.7367,7.4784,5.7953,25.5487,19.7534,19.2488,370.5173,0.0000,12.9977,lateral_raise,1
2025-04-18 22:42:41,12.1665,0.0000,12.1665,12.1665,0.0000,12.1665,148.0238,0.0000,-0.2509,0.1975,-0.6309,-0.0366,0.5942,0.3193,0.1020,0.0000,0.0581,0.4245,-0.4370,0.8979,1.3350,0.4284,0.1835,2.0000,100.6388,13.2769,79.2236,121.9482,42.7246,101.5108,10304.4522,0.0000,30.4606,71.2637,-87.9517,108.8867,196.8384,77.5008,6006.3675,1.0000,16.8213,33.9956,-57.0068,96.9238,153.9307,37.9297,1438.6584,6.0000,0.9034,1.2703,-0.9338,3.0322,3.9661,1.5588,2.4298,3.0000,2.4547,24.2028,-22.8131,54.7943,77.6074,24.3270,591.8014,2.0000,15.4069,8.3845,5.5536,26.2024,20.6488,17.5406,307.6711,0.0000,12.7669,lateral_raise,1
2025-04-18 22:42:50,12.1665,0.0000,12.1665,12.1665,0.0000,12.1665,148.0238,0.0000,-0.2983,0.2103,-0.5835,0.0181,0.6016,0.3650,0.1332,2.0000,0.1652,0.5282,-0.5103,0.9062,1.4165,0.5534,0.3062,1.0000,89.2985,20.0976,53.4058,123.7183,70.3125,91.5322,8378.1367,0.0000,51.9735,56.8199,-77.5146,109.4360,186.9507,77.0048,5929.7390,1.0000,9.6476,23.7873,-36.8652,51.6357,88.5010,25.6693,658.9117,3.0000,1.5934,1.9546,-1.2909,4.1089,5.3998,2.5218,6.3594,2.0000,11.8729,35.3004,-28.4985,67.8351,96.3336,37.2436,1387.0847,1.0000,17.4719,8.6585,5.0702,29.1742,24.1040,19.4997,380.2374,0.0000,12.9563,lateral_raise,1
2025-04-18 22:42:59,12.1665,0.0000,12.1665,12.1665,0.0000,12.1665,148.0238,0.0000,-0.3537,0.1979,-0.7246,0.0073,0.7319,0.4053,0.1643,2.0000,0.4040,0.5184,-0.4082,0.9346,1.3428,0.6573,0.4320,1.0000,83.3008,24.8590,39.4287,118.4692,79.0405,86.9309,7556.9883,0.0000,65.5477,47.2946,-30.5176,122.1924,152.7100,80.8287,6533.2748,1.0000,4.5288,21.1530,-24.8413,58.8379,83.6792,21.6324,467.9598,4.0000,0.6826,1.0017,-0.9448,2.6532,3.5980,1.2121,1.4693,4.0000,28.9662,36.4742,-22.6593,73.3447,96.0040,46.5769,2169.4093,1.0000,19.1327,6.3041,7.6245,24.9335,17.3090,20.1445,405.8016,0.0000,13.0995,lateral_raise,1
2025-04-18 22:43:10,12.1665,0.0000,12.1665,12.1665,0.0000,12.1665,148.0238,0.0000,-0.3122,0.1997,-0.7334,-0.0269,0.7065,0.3706,0.1374,0.0000,0.4691,0.5041,-0.3989,0.9507,1.3496,0.6886,0.4742,1.0000,79.8258,29.6851,27.8320,133.3618,105.5298,85.1667,7253.3707,0.0000,62.3494,47.7318,-27.0996,132.6294,159.7290,78.5225,6165.7804,1.0000,28.3569,38.7439,-33.7524,118.7134,152.4658,48.0126,2305.2054,3.0000,0.6599,1.1305,-0.6921,2.9938,3.6859,1.3090,1.7136,5.0000,33.1447,36.5736,-20.5170,74.1797,94.6967,49.3578,2436.1946,1.0000,19.1506,7.7045,3.9111,26.1255,22.2144,20.6424,426.1068,0.0000,13.0992,lateral_raise,1
2025-04-18 22:43:21,12.1665,0.0000,12.1665,12.1665,0.0000,12.1665,148.0238,0.0000,-0.3942,0.0079,-0.4072,-0.3818,0.0254,0.3943,0.1554,0.0000,0.8876,0.0030,0.8823,0.8921,0.0098,0.8876,0.7878,0.0000,34.9854,0.5209,33.9966,35.8887,1.8921,34.9892,1224.2461,0.0000,0.3866,0.5908,-0.4883,1.4648,1.9531,0.7060,0.4984,7.0000,0.1546,0.9622,-1.5259,2.0142,3.5400,0.9745,0.9497,1.0000,0.0022,0.0987,-0.1593,0.1758,0.3351,0.0987,0.0097,7.0000,73.2671,0.0484,73.1799,73.3392,0.1593,73.2671,5368.0688,0.0000,23.0006,0.1108,22.7911,23.1976,0.4065,23.0009,529.0404,0.0000,13.4482,lateral_raise,0
2025-04-18 22:43:27,12.1665,0.0000,12.1665,12.1665,0.0000,12.1665,148.0238,0.0000,-0.4070,0.0080,-0.4219,-0.3931,0.0288,0.4071,0.1657,0.0000,0.8809,0.0022,0.8770,0.8848,0.0078,0.8809,0.7759,0.0000,35.7869,0.8958,33.9966,37.1094,3.1128,35.7982,1281.5081,0.0000,0.4842,0.7815,-1.0986,1.7090,2.8076,0.9193,0.8451,5.0000,0.1465,0.4239,-0.4272,0.7935,1.2207,0.4485,0.2012,8.0000,0.0322,0.1175,-0.1978,0.3186,0.5164,0.1218,0.0148,6.0000,72.8928,0.0667,72.7679,72.9987,0.2307,72.8929,5313.3680,0.0000,23.6627,0.0967,23.4723,23.8513,0.3790,23.6629,559.9337,0.0000,13.4544,lateral_raise,0
2025-04-18 22:43:33,12.1665,0.0000,12.1665,12.1665,0.0000,12.1665,148.0238,0.0000,-0.4063,0.0032,-0.4136,-0.4019,0.0117,0.4064,0.1651,0.0000,0.8812,0.0021,0.8784,0.8853,0.0068,0.8812,0.7765,0.0000,35.6527,0.5178,34.6680,36.7432,2.0752,35.6564,1271.3810,0.0000,0.3459,0.3890,-0.4883,1.0986,1.5869,0.5205,0.2710,4.0000,0.4191,0.4406,-0.5493,1.0376,1.5869,0.6081,0.3698,2.0000,0.0209,0.0227,-0.0275,0.0549,0.0824,0.0308,0.0010,4.0000,72.8119,0.0244,72.7625,72.8613,0.0989,72.8119,5301.5719,0.0000,23.6752,0.0441,23.5986,23.7305,0.1318,23.6752,560.5157,0.0000,13.4541,lateral_raise,0
2025-04-18 22:43:39,12.1665,0.0000,12.1665,12.1665,0.0000,12.1665,148.0238,0.0000,-0.4174,0.0563,-0.5239,-0.2622,0.2617,0.4212,0.1774,0.0000,0.8765,0.0143,0.8413,0.8979,0.0566,0.8766,0.7684,0.0000,35.0952,5.1229,25.0854,48.1567,23.0713,35.4671,1257.9185,0.0000,3.8737,11.8465,-11.2305,39.0015,50.2319,12.4638,155.3461,5.0000,-7.7515,45.6747,-155.0903,52.3071,207.3975,46.3278,2146.2657,7.0000,-0.0392,0.3272,-0.5878,0.6976,1.2854,0.3296,0.1086,5.0000,72.7753,0.8487,70.7959,73.8281,3.0322,72.7802,5296.9599,0.0000,23.7997,1.3956,21.5002,27.0758,5.5756,23.8406,568.3726,0.0000,13.4604,lateral_raise,0
2025-04-18 22:43:46,12.1665,0.0000,12.1665,12.1665,0.0000,12.1665,148.0238,0.0000,-0.2639,0.2122,-0.6270,-0.0142,0.6128,0.3386,0.1147,0.0000,0.1362,0.4064,-0.3838,0.7920,1.1758,0.4286,0.1837,2.0000,98.5799,18.3173,64.3921,130.2490,65.8569,100.2673,10053.5221,0.0000,31.1890,69.4923,-87.7686,118.8965,206.6650,76.1704,5801.9253,1.0000,23.8444,29.4081,-18.2495,76.4160,94.6655,37.8602,1433.3934,1.0000,1.5037,1.0992,0.1703,3.8177,3.6475,1.8626,3.4692,0.0000,8.9524,26.8854,-20.1160,61.3971,81.5131,28.3367,802.9681,2.0000,15.0388,10.8384,3.3289,30.1410,26.8121,18.5374,343.6368,0.0000,12.7881,lateral_raise,1
2025-04-18 22:43:53,12.1665,0.0000,12.1665,12.1665,0.0000,12.1665,148.0238,0.0000,-0.2993,0.2150,-0.8462,-0.0771,0.7690,0.3685,0.1358,0.0000,0.1991,0.4032,-0.3828,0.8945,1.2773,0.4497,0.2022,2.0000,96.8140,16.8013,67.1387,121.2769,54.1382,98.2610,9655.2290,0.0000,12.9557,90.9165,-129.1504,107.7271,236.8774,91.8350,8433.6609,1.0000,23.9950,34.7759,-18.7378,100.5859,119.3237,42.2507,1785.1211,3.0000,1.4414,1.2325,-0.3845,3.5541,3.9386,1.8965,3.5967,4.0000,9.5171,24.6707,-19.9072,59.2273,79.1345,26.4428,699.2190,2.0000,16.8812,8.2558,7.9431,29.0039,21.0608,18.7919,353.1337,0.0000,12.8430,lateral_raise,1
2025-04-18 22:43:59,12.1665,0.0000,12.1665,12.1665,0.0000,12.1665,148.0238,0.0000,-0.3215,0.1210,-0.4453,0.0381,0.4834,0.3435,0.1180,2.0000,0.7098,0.3611,-0.2290,0.9600,1.1890,0.7964,0.6343,1.0000,67.7205,32.9583,28.8696,123.1689,94.2993,75.3148,5672.3180,0.0000,62.1826,53.7870,-3.2959,144.7144,148.0103,82.2175,6759.7176,1.0000,22.2860,28.1005,-19.2871,67.0166,86.3037,35.8651,1286.3047,2.0000,0.6350,0.9717,-0.7855,2.5708,3.3563,1.1608,1.3475,3.0000,49.6996,31.8063,-16.7761,75.6244,92.4005,59.0058,3481.6898,1.0000,22.2817,2.3444,15.1282,24.3896,9.2615,22.4047,501.9722,0.0000,13.2335,lateral_raise,1
2025-04-18 22:44:14,12.1665,0.0000,12.1665,12.1665,0.0000,12.1665,148.0238,0.0000,-0.4003,0.1064,-0.6460,-0.1016,0.5444,0.4142,0.1715,0.0000,0.8379,0.1987,0.1738,1.0024,0.8286,0.8611,0.7415,0.0000,61.9141,34.2629,28.6255,115.7227,87.0972,70.7623,5007.2978,0.0000,56.5796,67.9859,-3.3569,171.8140,175.1709,88.4496,7823.3369,2.0000,6.6081,23.1126,-34.1797,68.1152,102.2949,24.0387,577.8606,4.0000,0.4644,0.9314,-0.5603,2.9224,3.4827,1.0408,1.0832,5.0000,58.4963,24.2463,-4.1858,73.8116,77.9974,63.3222,4009.7033,1.0000,25.7732,1.2490,21.6705,27.5812,5.9106,25.8034,665.8175,0.0000,13.4046,lateral_raise,1
2025-04-18 22:44:19,12.1665,0.0000,12.1665,12.1665,0.0000,12.1665,148.0238,0.0000,-0.3909,0.0081,-0.4028,-0.3735,0.0293,0.3909,0.1528,0.0000,0.8913,0.0035,0.8848,0.8965,0.0117,0.8913,0.7945,0.0000,33.3008,0.8506,31.8604,34.5459,2.6855,33.3116,1109.6656,0.0000,-0.1668,0.7220,-1.1597,1.2817,2.4414,0.7410,0.5491,6.0000,1.2777,1.0853,-0.3662,2.9297,3.2959,1.6764,2.8104,2.0000,0.0242,0.1195,-0.1923,0.1813,0.3735,0.1219,0.0149,6.0000,73.9757,0.0836,73.8062,74.0973,0.2911,73.9758,5472.4124,0.0000,22.8402,0.1000,22.6813,23.0164,0.3351,22.8404,521.6852,0.0000,13.4487,lateral_raise,0
2025-04-18 22:44:24,12.1665,0.0000,12.1665,12.1665,0.0000,12.1665,148.0238,0.0000,-0.4017,0.0051,-0.4102,-0.3936,0.0166,0.4017,0.1614,0.0000,0.8882,0.0023,0.8833,0.8911,0.0078,0.8882,0.7889,0.0000,33.7118,0.7040,32.0435,34.7900,2.7466,33.7191,1136.9777,0.0000,0.2482,0.4961,-0.5493,1.0986,1.6479,0.5547,0.3077,5.0000,0.4435,0.7641,-1.4038,2.1973,3.6011,0.8835,0.7806,2.0000,0.0231,0.0456,-0.0549,0.0934,0.1483,0.0511,0.0026,4.0000,73.9244,0.0452,73.8446,74.0369,0.1923,73.9245,5464.8246,0.0000,23.3441,0.0574,23.2581,23.4668,0.2087,23.3442,544.9511,0.0000,13.4564,lateral_raise,0
2025-04-18 22:44:29,12.1665,0.0000,12.1665,12.1665,0.0000,12.1665,148.0238,0.0000,-0.4018,0.0045,-0.4106,-0.3950,0.0156,0.4018,0.1615,0.0000,0.8863,0.0023,0.8833,0.8906,0.0073,0.8863,0.7855,0.0000,34.4076,0.5215,33.3252,35.4614,2.1362,34.4115,1184.1516,0.0000,0.2930,0.4334,-0.3662,1.0986,1.4648,0.5231,0.2737,6.0000,0.1790,0.5238,-0.9155,0.9766,1.8921,0.5536,0.3065,6.0000,0.0194,0.0598,-0.0714,0.1428,0.2142,0.0629,0.0040,7.0000,73.6161,0.0610,73.5315,73.7347,0.2032,73.6161,5419.3323,0.0000,23.2764,0.0429,23.2141,23.3569,0.1428,23.2764,541.7911,0.0000,13.4546,lateral_raise,0
2025-04-18 22:44:35,12.1665,0.0000,12.1665,12.1665,0.0000,12.1665,148.0238,0.0000,-0.2946,0.1452,-0.5063,-0.0278,0.4785,0.3284,0.1079,0.0000,0.4374,0.4803,-0.3716,0.9209,1.2925,0.6496,0.4220,1.0000,80.2816,25.4668,41.8091,119.8120,78.0029,84.2240,7093.6879,0.0000,59.1878,48.1378,-57.6172,122.7417,180.3589,76.2919,5820.4502,1.0000,13.4725,21.5922,-14.7095,56.0303,70.7397,25.4506,647.7324,6.0000,0.6489,0.8720,-1.0382,2.4609,3.4991,1.0870,1.1815,2.0000,29.8491,34.5214,-19.3524,72.8119,92.1643,45.6366,2082.6995,1.0000,19.2001,7.3564,6.2842,25.6531,19.3689,20.5611,422.7601,0.0000,13.0440,lateral_raise,1
2025-04-18 22:44:46,12.1665,0.0000,12.1665,12.1665,0.0000,12.1665,148.0238,0.0000,-0.3448,0.1654,-0.6797,-0.0181,0.6616,0.3825,0.1463,0.0000,0.6210,0.4494,-0.3896,0.9644,1.3540,0.7665,0.5876,1.0000,67.0654,35.1134,25.3296,130.4932,105.1636,75.7015,5730.7233,0.0000,65.6576,58.9338,-1.4038,159.6069,161.0107,88.2276,7784.1098,1.0000,9.4157,29.2687,-33.7524,77.2095,110.9619,30.7460,945.3138,5.0000,0.8566,0.9944,-0.1483,3.2190,3.3673,1.3124,1.7225,1.0000,43.9482,35.7264,-21.1047,75.7013,96.8060,56.6376,3207.8216,1.0000,20.5748,6.2670,5.5865,25.1257,19.5392,21.5081,462.5994,0.0000,13.2242,lateral_raise,1
2025-04-18 22:44:52,12.1665,0.0000,12.1665,12.1665,0.0000,12.1665,148.0238,0.0000,-0.3940,0.0709,-0.5947,-0.2983,0.2964,0.4004,0.1603,0.0000,0.8968,0.0398,0.8086,0.9727,0.1641,0.8977,0.8059,0.0000,51.9491,27.3000,30.5176,116.4551,85.9375,58.6855,3443.9919,0.0000,29.3294,42.9176,-0.0610,123.9014,123.9624,51.9820,2702.1334,2.0000,4.8258,21.6501,-26.3062,66.5283,92.8345,22.1814,492.0145,4.0000,0.0524,0.3098,-0.2966,0.8295,1.1261,0.3142,0.0987,3.0000,67.8336,9.2426,40.2539,73.0920,32.8381,68.4604,4686.8250,0.0000,24.9635,0.8790,24.2468,26.7902,2.5433,24.9790,623.9490,0.0000,13.4574,lateral_raise,1
2025-04-18 22:45:01,12.1665,0.0000,12.1665,12.1665,0.0000,12.1665,148.0238,0.0000,-0.3839,0.0101,-0.3999,-0.3667,0.0332,0.3840,0.1474,0.0000,0.8953,0.0084,0.8833,0.9087,0.0254,0.8954,0.8017,0.0000,33.0811,1.2027,31.5552,36.0107,4.4556,33.1029,1095.8026,0.0000,-0.0936,1.2826,-2.1973,2.1973,4.3945,1.2860,1.6538,7.0000,0.7650,2.1727,-2.5635,5.3711,7.9346,2.3034,5.3058,4.0000,0.0249,0.1782,-0.2527,0.4065,0.6592,0.1800,0.0324,8.0000,74.3584,0.2402,74.0808,74.8059,0.7251,74.3588,5529.2291,0.0000,22.2371,0.1402,22.0166,22.4945,0.4779,22.2375,494.5065,0.0000,13.4457,lateral_raise,0
2025-04-18 22:45:06,12.1665,0.0000,12.1665,12.1665,0.0000,12.1665,148.0238,0.0000,-0.4042,0.0116,-0.4429,-0.3901,0.0527,0.4044,0.1635,0.0000,0.8915,0.0042,0.8848,0.8984,0.0137,0.8915,0.7947,0.0000,32.1126,1.3117,30.2124,35.9497,5.7373,32.1394,1032.9415,0.0000,0.8708,2.4926,-0.8545,9.3994,10.2539,2.6403,6.9713,7.0000,-0.5290,4.2892,-14.5264,3.4180,17.9443,4.3216,18.6766,5.0000,0.0231,0.1083,-0.2252,0.2197,0.4449,0.1107,0.0123,5.0000,74.8792,0.0813,74.7015,75.0751,0.3735,74.8792,5606.8938,0.0000,23.6711,0.1656,23.5107,24.0326,0.5219,23.6717,560.3504,0.0000,13.4622,lateral_raise,0
2025-04-18 22:45:12,12.1665,0.0000,12.1665,12.1665,0.0000,12.1665,148.0238,0.0000,-0.2362,0.1233,-0.4810,-0.0708,0.4102,0.2665,0.0710,0.0000,0.2007,0.4663,-0.3613,0.9888,1.3501,0.5076,0.2577,2.0000,93.7012,17.2383,64.9414,119.2627,54.3213,95.2736,9077.0672,0.0000,42.3584,65.7466,-88.8062,99.5483,188.3545,78.2103,6116.8517,1.0000,16.3656,33.2404,-68.8477,72.9370,141.7847,37.0507,1372.7571,3.0000,0.8419,1.2566,-1.1096,2.5159,3.6255,1.5126,2.2878,3.0000,12.1923,29.5387,-19.6820,67.3242,87.0062,31.9560,1021.1856,1.0000,16.6055,6.2806,8.9044,25.1532,16.2488,17.7535,315.1880,0.0000,12.8186,lateral_raise,1
2025-04-18 22:45:19,12.1665,0.0000,12.1665,12.1665,0.0000,12.1665,148.0238,0.0000,-0.2611,0.1074,-0.4565,-0.0776,0.3789,0.2823,0.0797,0.0000,0.5262,0.4824,-0.4150,0.9575,1.3726,0.7139,0.5097,1.0000,75.0244,31.3110,30.6396,129.6387,98.9990,81.2960,6609.0440,0.0000,65.0269,45.7026,-8.8501,128.4180,137.2681,79.4810,6317.2224,2.0000,13.3870,25.7600,-36.5601,80.7495,117.3096,29.0308,842.7888,5.0000,0.4460,0.6198,-0.9778,1.2360,2.2137,0.7636,0.5831,3.0000,36.2461,35.6200,-22.0990,73.9655,96.0645,50.8189,2582.5633,1.0000,18.9752,5.0474,8.6902,24.2413,15.5511,19.6351,385.5354,0.0000,13.0706,lateral_raise,1
2025-04-18 22:53:34,12.1665,0.0000,12.1665,12.1665,0.0000,12.1665,148.0238,0.0000,-0.2500,0.0175,-0.2866,-0.2158,0.0708,0.2506,0.0628,0.0000,-0.9268,0.0120,-0.9463,-0.8999,0.0464,0.9268,0.8590,0.0000,35.8439,1.6626,32.9590,39.8560,6.8970,35.8825,1287.5505,0.0000,-0.7243,1.5498,-4.2725,1.5259,5.7983,1.7107,2.9266,7.0000,-0.8057,2.3816,-5.0659,2.9297,7.9956,2.5142,6.3211,7.0000,0.0699,0.1103,-0.1978,0.2527,0.4504,0.1306,0.0171,4.0000,-72.3724,0.3380,-72.9822,-71.9934,0.9888,72.3732,5237.8838,0.0000,14.7949,0.2375,14.3866,15.1996,0.8130,14.7968,218.9461,0.0000,13.3433,tricep_pulldown,0
2025-04-18 22:53:41,12.1665,0.0000,12.1665,12.1665,0.0000,12.1665,148.0238,0.0000,-0.2549,0.0083,-0.2739,-0.2456,0.0283,0.2550,0.0650,0.0000,-0.9288,0.0049,-0.9380,-0.9204,0.0176,0.9289,0.8628,0.0000,34.8796,0.9793,32.7759,36.9263,4.1504,34.8933,1217.5426,0.0000,0.1180,0.7922,-1.1597,1.7700,2.9297,0.8009,0.6415,7.0000,-0.1221,1.6789,-4.8828,2.5024,7.3853,1.6834,2.8337,4.0000,0.0652,0.1093,-0.1154,0.3461,0.4614,0.1272,0.0162,5.0000,-72.9342,0.0941,-73.1085,-72.7679,0.3406,72.9343,5319.4070,0.0000,15.1970,0.3111,14.7876,15.6995,0.9119,15.2002,231.0462,0.0000,13.3502,tricep_pulldown,0
2025-04-18 22:53:48,12.1665,0.0000,12.1665,12.1665,0.0000,12.1665,148.0238,0.0000,-0.2533,0.0123,-0.2798,-0.2290,0.0508,0.2536,0.0643,0.0000,-0.9291,0.0067,-0.9409,-0.9155,0.0254,0.9291,0.8632,0.0000,34.2407,1.7184,30.8838,38.1470,7.2632,34.2838,1175.3800,0.0000,-0.0366,1.0970,-2.1973,1.5869,3.7842,1.0976,1.2048,6.0000,0.2889,2.2674,-5.3711,4.7607,10.1318,2.2857,5.2246,4.0000,0.0157,0.0890,-0.1868,0.1593,0.3461,0.0904,0.0082,6.0000,-73.3004,0.1111,-73.4656,-73.0811,0.3845,73.3005,5372.9632,0.0000,15.0831,0.1028,14.8590,15.2271,0.3680,15.0835,227.5114,0.0000,13.3489,tricep_pulldown,0
2025-04-18 22:53:53,12.1665,0.0000,12.1665,12.1665,0.0000,12.1665,148.0238,0.0000,-0.2420,0.0079,-0.2510,-0.2192,0.0317,0.2421,0.0586,0.0000,-0.9353,0.0057,-0.9463,-0.9253,0.0210,0.9353,0.8749,0.0000,32.6904,0.4851,31.8604,33.4473,1.5869,32.6940,1068.8995,0.0000,0.3499,0.7137,-1.1597,1.7700,2.9297,0.7949,0.6318,4.0000,0.6917,0.5100,0.0000,2.0752,2.0752,0.8594,0.7386,0.0000,0.0308,0.0804,-0.1428,0.1593,0.3021,0.0860,0.0074,7.0000,-74.0083,0.0447,-74.0973,-73.9270,0.1703,74.0083,5477.2306,0.0000,14.5869,0.1109,14.3591,14.7931,0.4340,14.5873,212.7904,0.0000,13.3438,tricep_pulldown,0
2025-04-18 22:53:58,12.1665,0.0000,12.1665,12.1665,0.0000,12.1665,148.0238,0.0000,-0.2390,0.0034,-0.2432,-0.2319,0.0112,0.2390,0.0571,0.0000,-0.9357,0.0048,-0.9453,-0.9258,0.0195,0.9358,0.8756,0.0000,32.9915,0.3942,32.1655,33.6304,1.4648,32.9939,1088.5969,0.0000,0.3052,0.6200,-0.3662,1.8921,2.2583,0.6911,0.4776,11.0000,0.4191,0.5245,-0.4883,1.2207,1.7090,0.6714,0.4508,3.0000,0.0286,0.0460,-0.0934,0.0989,0.1923,0.0541,0.0029,4.0000,-73.8981,0.0335,-73.9600,-73.8391,0.1208,73.8981,5460.9261,0.0000,14.3884,0.0700,14.2767,14.5514,0.2747,14.3886,207.0318,0.0000,13.3412,tricep_pulldown,0
2025-04-18 22:54:05,12.1665,0.0000,12.1665,12.1665,0.0000,12.1665,148.0238,0.0000,-0.2493,0.0079,-0.2632,-0.2363,0.0269,0.2495,0.0622,0.0000,-0.9334,0.0038,-0.9390,-0.9258,0.0132,0.9334,0.8712,0.0000,32.9020,0.7366,31.6162,34.3018,2.6855,32.9103,1083.0854,0.0000,0.1953,0.7335,-1.0376,1.5259,2.5635,0.7591,0.5762,9.0000,0.3377,0.4998,-0.5493,1.0376,1.5869,0.6032,0.3638,6.0000,0.0165,0.0637,-0.0769,0.1538,0.2307,0.0658,0.0043,5.0000,-73.8907,0.0852,-74.0094,-73.7622,0.2472,73.8908,5459.8498,0.0000,14.8696,0.0413,14.7711,14.9194,0.1483,14.8697,221.1076,0.0000,13.3493,tricep_pulldown,0
2025-04-18 22:54:11,12.1665,0.0000,12.1665,12.1665,0.0000,12.1665,148.0238,0.0000,-0.5681,0.2120,-0.9478,-0.2061,0.7417,0.6064,0.3677,0.0000,0.3265,0.7191,-0.8984,1.0200,1.9185,0.7898,0.6238,1.0000,43.2251,6.8952,31.0059,54.2603,23.2544,43.7716,1915.9528,0.0000,-17.8019,28.2800,-56.0913,38.5742,94.6655,33.4165,1116.6655,1.0000,6.2419,15.2955,-31.0669,37.2925,68.3594,16.5201,272.9143,6.0000,-7.0192,9.3652,-20.9784,9.2889,30.2673,11.7037,136.9754,1.0000,15.3574,59.8196,-72.3944,71.1145,143.5089,61.7595,3814.2406,1.0000,34.6337,15.3575,17.2211,64.6381,47.4170,37.8859,1435.3452,0.0000,13.4759,tricep_pulldown,1
2025-04-18 22:54:17,12.1665,0.0000,12.1665,12.1665,0.0000,12.1665,148.0238,0.0000,-0.4841,0.2479,-0.9004,-0.1157,0.7847,0.5438,0.2958,0.0000,0.1216,0.7858,-0.9424,0.9580,1.9004,0.7952,0.6323,1.0000,42.2526,8.2369,29.9072,58.3496,28.4424,43.0480,1853.1298,0.0000,-22.6237,23.6837,-59.5093,12.2070,71.7163,32.7529,1072.7510,1.0000,11.0229,14.7795,-16.7236,41.2598,57.9834,18.4374,339.9394,4.0000,-8.2848,7.5561,-19.3030,4.4220,23.7250,11.2130,125.7318,1.0000,1.7410,62.4166,-72.7844,71.6913,144.4757,62.4409,3898.8631,1.0000,32.0105,16.8377,13.4143,64.3524,50.9381,36.1688,1308.1811,0.0000,13.4006,tricep_pulldown,1
2025-04-18 22:54:23,12.1665,0.0000,12.1665,12.1665,0.0000,12.1665,148.0238,0.0000,-0.5021,0.2793,-0.9849,-0.1367,0.8481,0.5746,0.3302,0.0000,0.0030,0.7964,-0.9600,0.9463,1.9062,0.7964,0.6343,1.0000,39.5182,7.6331,27.9541,50.5981,22.6440,40.2487,1619.9539,0.0000,-19.3726,21.4635,-50.1099,22.3389,72.4487,28.9133,835.9763,1.0000,6.6895,11.0848,-10.0098,29.2969,39.3066,12.9469,167.6217,2.0000,-8.3591,7.6176,-18.8031,2.9938,21.7969,11.3094,127.9031,2.0000,-8.2196,62.8233,-73.2733,72.5702,145.8435,63.3587,4014.3246,1.0000,32.9440,17.7288,14.0350,66.7419,52.7069,37.4114,1399.6151,0.0000,13.4157,tricep_pulldown,1
2025-04-18 22:54:30,12.1665,0.0000,12.1665,12.1665,0.0000,12.1665,148.0238,0.0000,-0.5323,0.2301,-0.9868,-0.1133,0.8735,0.5799,0.3363,0.0000,0.2144,0.7577,-0.9180,0.9453,1.8633,0.7874,0.6200,1.0000,40.9383,7.0935,28.1372,55.5420,27.4048,41.5483,1726.2635,0.0000,-20.4753,23.1854,-52.1240,15.2588,67.3828,30.9322,956.7996,2.0000,4.0975,5.2902,-5.7983,14.1602,19.9585,6.6914,44.7753,1.0000,-7.7703,7.8156,-18.4515,4.2902,22.7417,11.0209,121.4607,2.0000,8.9344,62.0302,-72.5317,72.6691,145.2008,62.6704,3927.5759,1.0000,34.4286,16.3924,18.3527,66.3190,47.9663,38.1319,1454.0384,0.0000,13.4404,tricep_pulldown,1
2025-04-18 22:54:37,12.1665,0.0000,12.1665,12.1665,0.0000,12.1665,148.0238,0.0000,-0.5053,0.2510,-0.9370,-0.1460,0.7910,0.5642,0.3183,0.0000,0.0433,0.7984,-0.9487,0.9551,1.9038,0.7996,0.6394,1.0000,38.2487,9.7951,18.4326,54.4434,36.0107,39.4830,1558.9073,0.0000,-21.3013,20.7406,-55.7861,16.1743,71.9604,29.7307,883.9153,2.0000,3.1942,9.4269,-10.0708,24.6582,34.7290,9.9533,99.0691,10.0000,-8.2705,7.9589,-19.3304,4.3231,23.6536,11.4780,131.7453,2.0000,-6.8829,64.1575,-75.3168,72.9218,148.2385,64.5256,4163.5553,1.0000,32.5862,17.6494,14.7711,66.0388,51.2677,37.0589,1373.3592,0.0000,13.4230,tricep_pulldown,1
2025-04-18 22:54:44,12.1665,0.0000,12.1665,12.1665,0.0000,12.1665,148.0238,0.0000,-0.5492,0.2268,-0.9038,-0.1240,0.7798,0.5942,0.3530,0.0000,0.2705,0.7222,-0.8940,0.9688,1.8628,0.7712,0.5948,1.0000,42.9728,8.0899,33.0811,59.3872,26.3062,43.7277,1912.1093,0.0000,-22.3470,22.9981,-58.5327,18.9819,77.5146,32.0671,1028.3018,1.0000,8.2560,12.3292,-31.0669,17.5781,48.6450,14.8382,220.1714,4.0000,-7.4872,7.3545,-18.2318,5.6195,23.8513,10.4951,110.1469,1.0000,12.5797,59.6018,-71.6254,72.2626,143.8879,60.9149,3710.6195,1.0000,35.6785,15.3450,17.9681,63.5559,45.5878,38.8384,1508.4210,0.0000,13.4364,tricep_pulldown,1
2025-04-18 22:54:49,12.1665,0.0000,12.1665,12.1665,0.0000,12.1665,148.0238,0.0000,-0.2423,0.0122,-0.2720,-0.2241,0.0479,0.2426,0.0588,0.0000,-0.9329,0.0081,-0.9468,-0.9199,0.0269,0.9329,0.8703,0.0000,33.7036,0.5396,32.4707,34.6069,2.1362,33.7079,1136.2247,0.0000,0.6144,0.9171,-1.4648,2.9297,4.3945,1.1039,1.2187,4.0000,1.2126,1.2276,-0.5493,4.0283,4.5776,1.7255,2.9773,6.0000,0.0190,0.0756,-0.1648,0.1758,0.3406,0.0780,0.0061,7.0000,-73.6194,0.0456,-73.6963,-73.5260,0.1703,73.6194,5419.8159,0.0000,14.4983,0.1250,14.2383,14.7491,0.5109,14.4988,210.2161,0.0000,13.3416,tricep_pulldown,0
2025-04-18 22:54:55,12.1665,0.0000,12.1665,12.1665,0.0000,12.1665,148.0238,0.0000,-0.2434,0.0103,-0.2661,-0.2305,0.0356,0.2436,0.0593,0.0000,-0.9339,0.0065,-0.9497,-0.9214,0.0283,0.9339,0.8721,0.0000,33.1502,0.6000,32.3486,35.1562,2.8076,33.1557,1099.2977,0.0000,0.2075,0.5297,-0.6714,1.1597,1.8311,0.5689,0.3236,8.0000,0.3621,0.9610,-1.4648,1.7090,3.1738,1.0270,1.0548,7.0000,0.0289,0.0760,-0.1813,0.1154,0.2966,0.0814,0.0066,5.0000,-73.8765,0.0754,-73.9655,-73.7457,0.2197,73.8765,5457.7377,0.0000,14.5532,0.0986,14.3152,14.6887,0.3735,14.5536,211.8060,0.0000,13.3438,tricep_pulldown,0
2025-04-18 22:55:00,12.1665,0.0000,12.1665,12.1665,0.0000,12.1665,148.0238,0.0000,-0.2601,0.0134,-0.2866,-0.2358,0.0508,0.2604,0.0678,0.0000,-0.9314,0.0085,-0.9463,-0.9165,0.0298,0.9315,0.8677,0.0000,32.6660,1.3300,30.0903,34.6069,4.5166,32.6931,1068.8374,0.0000,0.3174,1.0478,-1.5869,2.0142,3.6011,1.0948,1.1986,5.0000,0.5290,1.3769,-2.4414,3.5400,5.9814,1.4750,2.1756,6.0000,0.0154,0.1103,-0.1813,0.2362,0.4175,0.1114,0.0124,4.0000,-73.9775,0.0816,-74.0918,-73.8501,0.2417,73.9776,5472.6829,0.0000,15.5284,0.1903,15.2161,15.7928,0.5768,15.5296,241.1687,0.0000,13.3580,tricep_pulldown,0
2025-04-18 22:55:05,12.1665,0.0000,12.1665,12.1665,0.0000,12.1665,148.0238,0.0000,-0.2629,0.0058,-0.2793,-0.2568,0.0225,0.2630,0.0692,0.0000,-0.9313,0.0037,-0.9390,-0.9258,0.0132,0.9313,0.8672,0.0000,32.9142,0.5801,31.9824,34.1187,2.1362,32.9193,1083.6827,0.0000,0.1546,0.5062,-0.7324,1.2817,2.0142,0.5293,0.2801,9.0000,0.6185,0.8261,-1.4038,1.6479,3.0518,1.0320,1.0649,5.0000,0.0048,0.0503,-0.0879,0.0934,0.1813,0.0505,0.0025,6.0000,-73.8640,0.0607,-73.9325,-73.7457,0.1868,73.8640,5455.8962,0.0000,15.5900,0.0486,15.5072,15.7050,0.1978,15.5900,243.0494,0.0000,13.3607,tricep_pulldown,0
2025-04-18 22:55:10,12.1665,0.0000,12.1665,12.1665,0.0000,12.1665,148.0238,0.0000,-0.2669,0.0085,-0.2812,-0.2534,0.0278,0.2671,0.0713,0.0000,-0.9295,0.0034,-0.9351,-0.9214,0.0137,0.9295,0.8640,0.0000,32.3730,0.4642,31.4331,33.0811,1.6479,32.3764,1048.2296,0.0000,0.2686,0.6099,-1.5869,0.9155,2.5024,0.6664,0.4441,6.0000,0.7121,0.8427,-0.7324,1.9531,2.6855,1.1033,1.2172,5.0000,0.0121,0.0517,-0.0934,0.0934,0.1868,0.0531,0.0028,4.0000,-74.1625,0.0896,-74.2621,-74.0039,0.2582,74.1625,5500.0808,0.0000,15.9811,0.0301,15.9137,16.0455,0.1318,15.9811,255.3958,0.0000,13.3630,tricep_pulldown,0
2025-04-18 22:55:26,12.1665,0.0000,12.1665,12.1665,0.0000,12.1665,148.0238,0.0000,-0.5521,0.2310,-0.9722,-0.2261,0.7461,0.5984,0.3581,0.0000,0.2540,0.7232,-0.9023,0.9541,1.8564,0.7665,0.5875,1.0000,42.0736,8.1169,29.7852,55.8472,26.0620,42.8494,1836.0694,0.0000,-21.2280,20.1519,-49.1943,24.8413,74.0356,29.2699,856.7266,1.0000,9.2204,12.0669,-27.4048,25.9399,53.3447,15.1864,230.6258,2.0000,-7.9014,7.0459,-16.4246,4.7296,21.1542,10.5866,112.0757,1.0000,12.3051,60.1785,-72.0209,72.8723,144.8932,61.4237,3772.8714,1.0000,35.4965,16.8422,17.4683,63.1384,45.6702,39.2894,1543.6587,0.0000,13.4306,tricep_pulldown,1
2025-04-18 22:55:32,12.1665,0.0000,12.1665,12.1665,0.0000,12.1665,148.0238,0.0000,-0.4951,0.2816,-0.9771,0.0127,0.9897,0.5696,0.3245,2.0000,0.2360,0.7711,-0.9448,1.0205,1.9653,0.8064,0.6503,1.0000,38.7004,9.8466,23.5596,53.5889,30.0293,39.9334,1594.6738,0.0000,-22.1598,24.7673,-59.3872,25.6348,85.0220,33.2337,1104.4795,1.0000,3.6377,18.6546,-42.4805,30.9448,73.4253,19.0060,361.2275,2.0000,-8.0497,7.5952,-19.7040,4.8779,24.5819,11.0673,122.4851,1.0000,8.1281,63.1284,-74.1742,74.3170,148.4912,63.6495,4051.2579,1.0000,33.4885,17.3671,13.4692,64.9402,51.4709,37.7239,1423.0962,0.0000,13.4071,tricep_pulldown,1
2025-04-18 22:55:38,12.1665,0.0000,12.1665,12.1665,0.0000,12.1665,148.0238,0.0000,-0.3758,0.2657,-0.9575,-0.1729,0.7847,0.4602,0.2118,0.0000,-0.6271,0.5419,-0.9468,0.8525,1.7993,0.8288,0.6869,1.0000,37.6383,7.5876,30.0903,55.6641,25.5737,38.3955,1474.2166,0.0000,-16.5405,25.1574,-69.8242,0.1831,70.0073,30.1078,906.4821,1.0000,4.8991,15.4817,-13.3667,55.6030,68.9697,16.2384,263.6845,8.0000,-6.7163,9.7044,-24.1260,0.4559,24.5819,11.8019,139.2850,5.0000,-56.5591,33.0334,-73.2349,46.0272,119.2621,65.4991,4290.1341,1.0000,27.5061,15.8428,17.2430,62.8418,45.5988,31.7424,1007.5795,0.0000,13.3308,tricep_pulldown,1
2025-04-18 22:55:44,12.1665,0.0000,12.1665,12.1665,0.0000,12.1665,148.0238,0.0000,-0.3561,0.2498,-0.9512,-0.0713,0.8799,0.4349,0.1892,0.0000,-0.6414,0.5331,-0.9790,0.8027,1.7817,0.8340,0.6956,1.0000,34.0088,10.5030,23.0713,61.1572,38.0859,35.5937,1266.9101,0.0000,-18.6971,27.5746,-80.7495,4.6387,85.3882,33.3158,1109.9420,6.0000,4.4556,12.2873,-13.7329,29.7852,43.5181,13.0702,170.8291,4.0000,-6.5087,9.4271,-23.2416,0.5878,23.8293,11.4557,131.2336,3.0000,-59.7294,30.9111,-75.0751,37.6282,112.7032,67.2540,4523.0944,1.0000,27.0740,15.8718,16.6553,62.5012,45.8459,31.3833,984.9146,0.0000,13.3190,tricep_pulldown,1
2025-04-18 22:55:50,12.1665,0.0000,12.1665,12.1665,0.0000,12.1665,148.0238,0.0000,-0.3055,0.2055,-0.9199,-0.0562,0.8638,0.3682,0.1355,0.0000,-0.7132,0.4763,-0.9780,0.7695,1.7476,0.8576,0.7354,1.0000,30.2165,7.5139,20.8130,50.2930,29.4800,31.1367,969.4944,0.0000,-12.4349,24.6710,-86.1206,1.1597,87.2803,27.6276,763.2852,3.0000,7.4382,19.1559,-18.3105,52.1240,70.4346,20.5493,422.2741,7.0000,-5.9194,10.4747,-27.9932,1.0272,29.0204,12.0316,144.7587,7.0000,-65.4320,23.5817,-75.6464,17.7594,93.4058,69.5517,4837.4457,1.0000,26.0735,14.5993,17.3254,63.5065,46.1810,29.8825,892.9654,0.0000,13.2908,tricep_pulldown,1
2025-04-18 22:55:58,12.1665,0.0000,12.1665,12.1665,0.0000,12.1665,148.0238,0.0000,-0.2492,0.0125,-0.2729,-0.2236,0.0493,0.2495,0.0623,0.0000,-0.9418,0.0137,-0.9624,-0.9111,0.0513,0.9419,0.8871,0.0000,27.5960,1.7097,24.5972,30.8228,6.2256,27.6489,764.4638,0.0000,0.0041,2.5243,-4.3335,4.0283,8.3618,2.5243,6.3720,4.0000,0.3459,2.0433,-2.0142,5.0659,7.0801,2.0724,4.2948,7.0000,0.0582,0.0833,-0.0385,0.2747,0.3131,0.1016,0.0103,5.0000,-76.5575,0.3130,-76.9647,-75.9320,1.0327,76.5581,5861.1480,0.0000,14.9410,0.1666,14.6777,15.2216,0.5438,14.9420,223.2624,0.0000,13.3575,tricep_pulldown,0
2025-04-18 22:56:04,12.1665,0.0000,12.1665,12.1665,0.0000,12.1665,148.0238,0.0000,-0.2887,0.0474,-0.3872,-0.2144,0.1729,0.2926,0.0856,0.0000,-0.9332,0.0127,-0.9600,-0.9053,0.0547,0.9333,0.8710,0.0000,23.2218,5.8185,10.7422,29.2969,18.5547,23.9397,573.1093,0.0000,0.5656,3.9463,-5.9204,8.0566,13.9771,3.9866,15.8928,4.0000,1.7985,27.8209,-67.2607,47.3633,114.6240,27.8789,777.2346,6.0000,-0.0073,0.1438,-0.2747,0.1868,0.4614,0.1440,0.0207,6.0000,-78.5991,1.8815,-82.6776,-76.8823,5.7953,78.6216,6181.3619,0.0000,18.0890,0.9328,17.2760,19.8578,2.5818,18.1130,328.0817,0.0000,13.3884,tricep_pulldown,0
2025-04-18 22:56:11,12.1665,0.0000,12.1665,12.1665,0.0000,12.1665,148.0238,0.0000,-0.3143,0.0104,-0.3354,-0.2935,0.0420,0.3145,0.0989,0.0000,-0.9278,0.0116,-0.9463,-0.9111,0.0352,0.9279,0.8609,0.0000,26.4608,1.4136,23.3765,29.2969,5.9204,26.4985,702.1708,0.0000,-0.1628,1.5804,-3.6011,2.3804,5.9814,1.5888,2.5243,7.0000,0.2197,2.5087,-4.2725,4.5776,8.8501,2.5183,6.3419,9.0000,0.0476,0.1616,-0.2802,0.3186,0.5988,0.1685,0.0284,5.0000,-76.8453,0.1261,-77.0691,-76.6516,0.4175,76.8454,5905.2217,0.0000,18.7368,0.2416,18.3911,19.1162,0.7251,18.7384,351.1267,0.0000,13.4086,tricep_pulldown,0
2025-04-18 22:56:17,12.1665,0.0000,12.1665,12.1665,0.0000,12.1665,148.0238,0.0000,-0.2605,0.0373,-0.3071,-0.2090,0.0981,0.2632,0.0693,0.0000,-0.9314,0.0145,-0.9541,-0.9038,0.0503,0.9315,0.8677,0.0000,31.4901,1.2842,29.0527,33.8745,4.8218,31.5162,993.2739,0.0000,0.2238,1.2951,-2.8076,2.5635,5.3711,1.3143,1.7273,4.0000,1.3021,1.5678,-1.7090,3.1738,4.8828,2.0380,4.1535,5.0000,-0.3373,0.3864,-1.2030,0.2307,1.4337,0.5129,0.2631,4.0000,-74.7396,0.3816,-75.3223,-74.2566,1.0657,74.7406,5586.1570,0.0000,15.6196,1.8750,13.2770,18.1879,4.9109,15.7318,247.4883,0.0000,13.3585,tricep_pulldown,0
2025-04-18 22:56:26,12.1665,0.0000,12.1665,12.1665,0.0000,12.1665,148.0238,0.0000,-0.5041,0.2524,-0.9551,-0.1885,0.7666,0.5638,0.3179,0.0000,0.3705,0.7190,-0.8828,0.9766,1.8594,0.8089,0.6542,1.0000,41.3208,7.4153,26.6724,51.9409,25.2686,41.9809,1762.3949,0.0000,-16.5080,18.0212,-52.6733,9.5825,62.2559,24.4393,597.2770,3.0000,5.5216,21.9497,-31.0669,65.3687,96.4355,22.6336,512.2793,4.0000,-8.0830,8.4293,-21.8628,1.8402,23.7030,11.6785,136.3883,1.0000,20.4518,59.9220,-69.7577,73.1525,142.9102,63.3161,4008.9274,1.0000,32.8982,16.5477,16.3806,64.9896,48.6090,36.8255,1356.1177,0.0000,13.4354,tricep_pulldown,1
2025-04-18 22:56:32,12.1665,0.0000,12.1665,12.1665,0.0000,12.1665,148.0238,0.0000,-0.4979,0.2842,-0.9189,-0.0200,0.8989,0.5733,0.3287,0.0000,0.2021,0.7694,-0.9609,0.9658,1.9268,0.7955,0.6328,1.0000,41.2354,7.5008,29.7241,55.4810,25.7568,41.9120,1756.6159,0.0000,-20.0033,22.6667,-53.7109,22.8271,76.5381,30.2309,913.9096,2.0000,5.8797,13.2812,-27.4048,30.3955,57.8003,14.5245,210.9615,5.0000,-7.8757,8.4307,-19.0558,6.0699,25.1257,11.5371,133.1037,2.0000,7.4923,62.1384,-71.6473,72.2571,143.9044,62.5885,3917.3178,1.0000,32.3961,17.1289,15.4633,65.0775,49.6143,36.6457,1342.9083,0.0000,13.4152,tricep_pulldown,1
2025-04-18 22:56:38,12.1665,0.0000,12.1665,12.1665,0.0000,12.1665,148.0238,0.0000,-0.5364,0.2294,-0.9644,-0.2197,0.7446,0.5834,0.3404,0.0000,0.0439,0.7880,-0.9087,1.0210,1.9297,0.7892,0.6228,1.0000,40.4948,9.8633,28.6255,60.8521,32.2266,41.6787,1737.1138,0.0000,-26.1230,23.5038,-68.7866,7.6294,76.4160,35.1403,1234.8418,1.0000,12.0972,14.1876,-8.1787,42.6636,50.8423,18.6448,347.6304,3.0000,-8.1577,6.7512,-17.3145,2.4554,19.7699,10.5890,112.1272,2.0000,-5.8927,62.2966,-73.2733,74.5038,147.7771,62.5746,3915.5859,1.0000,34.5802,16.6143,14.4910,63.8141,49.3231,38.3644,1471.8255,0.0000,13.4415,tricep_pulldown,1
2025-04-18 22:56:51,12.1665,0.0000,12.1665,12.1665,0.0000,12.1665,148.0238,0.0000,-0.5068,0.2535,-0.8794,-0.1074,0.7720,0.5667,0.3211,0.0000,-0.0940,0.7881,-0.9458,0.9702,1.9160,0.7936,0.6299,1.0000,38.7207,9.5728,23.8647,56.0913,32.2266,39.8865,1590.9314,0.0000,-22.2127,17.8244,-48.8892,1.5259,50.4150,28.4801,811.1152,2.0000,5.1717,15.3914,-28.6255,30.5786,59.2041,16.2371,263.6425,8.0000,-8.5485,7.3097,-19.3085,0.5054,19.8138,11.2476,126.5074,1.0000,-17.6536,61.3091,-75.3662,71.8121,147.1783,63.8001,4070.4507,1.0000,32.8982,16.9468,15.5402,64.2975,48.7573,37.0066,1369.4851,0.0000,13.4174,tricep_pulldown,1
2025-04-18 22:56:57,12.1665,0.0000,12.1665,12.1665,0.0000,12.1665,148.0238,0.0000,-0.3191,0.0226,-0.3745,-0.2759,0.0986,0.3199,0.1023,0.0000,-0.9180,0.0134,-0.9502,-0.8911,0.0591,0.9181,0.8428,0.0000,30.1270,2.4528,26.8555,34.1797,7.3242,30.2266,913.6493,0.0000,0.3418,1.4697,-1.3428,3.4790,4.8218,1.5089,2.2769,7.0000,0.9155,3.5328,-5.2490,8.1177,13.3667,3.6495,13.3189,6.0000,0.0293,0.1856,-0.2747,0.5109,0.7855,0.1879,0.0353,7.0000,-74.7334,0.2460,-75.0146,-74.2676,0.7471,74.7338,5585.1414,0.0000,19.1484,0.2660,18.7811,19.6161,0.8350,19.1503,366.7334,0.0000,13.4036,tricep_pulldown,0
2025-04-18 22:57:02,12.1665,0.0000,12.1665,12.1665,0.0000,12.1665,148.0238,0.0000,-0.3220,0.0069,-0.3354,-0.3076,0.0278,0.3221,0.1037,0.0000,-0.9139,0.0065,-0.9258,-0.9028,0.0229,0.9139,0.8353,0.0000,31.3192,0.7590,29.9072,32.4097,2.5024,31.3284,981.4667,0.0000,0.3011,0.5196,-0.6104,1.2817,1.8921,0.6005,0.3606,6.0000,0.4842,0.8540,-0.7935,2.2583,3.0518,0.9818,0.9639,6.0000,0.0286,0.0692,-0.1373,0.1813,0.3186,0.0748,0.0056,8.0000,-74.3719,0.0528,-74.4489,-74.2621,0.1868,74.3720,5531.1895,0.0000,19.1715,0.0532,19.0723,19.2645,0.1923,19.1716,367.5496,0.0000,13.4024,tricep_pulldown,0
2025-04-18 22:57:13,12.1665,0.0000,12.1665,12.1665,0.0000,12.1665,148.0238,0.0000,-0.3168,0.0159,-0.3433,-0.2798,0.0635,0.3172,0.1006,0.0000,-0.9164,0.0048,-0.9224,-0.9053,0.0171,0.9165,0.8399,0.0000,30.3385,1.2600,28.5034,33.4473,4.9438,30.3647,922.0148,0.0000,0.6104,1.7591,-1.4648,4.3945,5.8594,1.8620,3.4670,5.0000,0.4761,6.9353,-21.3623,12.7563,34.1187,6.9517,48.3257,3.0000,-0.0022,0.1497,-0.1373,0.4944,0.6317,0.1497,0.0224,8.0000,-74.7700,0.3038,-75.1190,-74.2896,0.8295,74.7706,5590.6481,0.0000,19.0518,0.2124,18.7042,19.3359,0.6317,19.0529,363.0146,0.0000,13.3998,tricep_pulldown,0
2025-04-18 22:57:25,12.1665,0.0000,12.1665,12.1665,0.0000,12.1665,148.0238,0.0000,-0.5574,0.2218,-0.9028,-0.2017,0.7012,0.5999,0.3598,0.0000,0.2620,0.7234,-0.8799,0.9517,1.8315,0.7694,0.5920,1.0000,39.3636,11.3988,24.6582,58.7158,34.0576,40.9808,1679.4254,0.0000,-20.0480,21.5667,-56.1523,12.3901,68.5425,29.4456,867.0447,3.0000,7.5724,16.6921,-25.5127,33.3862,58.8989,18.3294,335.9673,2.0000,-8.2028,6.3863,-16.8036,2.8455,19.6490,10.3957,108.0705,1.0000,11.5001,61.3597,-73.4985,73.9380,147.4365,62.4281,3897.2641,1.0000,36.2369,16.6960,18.3856,64.5502,46.1646,39.8983,1591.8718,0.0000,13.4396,tricep_pulldown,1
2025-04-18 22:57:31,12.1665,0.0000,12.1665,12.1665,0.0000,12.1665,148.0238,0.0000,-0.5623,0.2303,-0.9814,-0.2705,0.7109,0.6076,0.3692,0.0000,0.6653,0.4684,-0.5718,1.0830,1.6548,0.8136,0.6620,1.0000,44.1162,8.1807,31.2500,56.7627,25.5127,44.8683,2013.1643,0.0000,-9.1878,35.9441,-58.7158,61.2183,119.9341,37.0998,1376.3954,1.0000,3.5807,23.6212,-37.2314,45.7764,83.0078,23.8910,570.7820,5.0000,-4.6007,12.1094,-23.1757,12.2333,35.4089,12.9539,167.8039,1.0000,43.1884,43.6118,-62.1552,72.4054,134.5605,61.3777,3767.2238,1.0000,34.7509,16.2114,14.8975,63.3307,48.4332,38.3462,1470.4323,0.0000,13.5050,tricep_pulldown,1
2025-04-18 22:57:38,12.1665,0.0000,12.1665,12.1665,0.0000,12.1665,148.0238,0.0000,-0.4792,0.2963,-0.9995,0.0029,1.0024,0.5634,0.3174,2.0000,-0.4038,0.6792,-0.9668,0.9326,1.8994,0.7902,0.6244,1.0000,38.6678,9.0786,26.3062,58.6548,32.3486,39.7193,1577.6210,0.0000,-17.7124,19.3593,-51.9409,3.0518,54.9927,26.2395,688.5114,4.0000,-3.0436,20.0067,-54.0771,28.6255,82.7026,20.2369,409.5306,4.0000,-7.8713,7.2571,-18.0615,0.4779,18.5394,10.7063,114.6240,4.0000,-40.1990,48.5106,-73.2294,66.2366,139.4659,63.0019,3969.2354,1.0000,33.8331,17.0811,17.7374,64.5117,46.7743,37.9005,1436.4458,0.0000,13.3953,tricep_pulldown,1
2025-04-18 22:57:47,12.1665,0.0000,12.1665,12.1665,0.0000,12.1665,148.0238,0.0000,-0.2707,0.0141,-0.2905,-0.2402,0.0503,0.2710,0.0735,0.0000,-0.9210,0.0053,-0.9316,-0.9097,0.0220,0.9210,0.8482,0.0000,35.7666,1.2084,33.7524,38.6963,4.9438,35.7870,1280.7101,0.0000,-0.1912,1.1780,-2.5024,1.5259,4.0283,1.1934,1.4243,4.0000,-0.0407,1.3900,-2.8687,2.4414,5.3101,1.3906,1.9337,4.0000,-0.0062,0.1498,-0.4120,0.1593,0.5713,0.1499,0.0225,7.0000,-72.5486,0.2989,-73.1415,-72.1307,1.0107,72.5492,5263.3864,0.0000,16.2415,0.2648,15.7983,16.5454,0.7471,16.2436,263.8550,0.0000,13.3581,tricep_pulldown,0
2025-04-18 22:57:52,12.1665,0.0000,12.1665,12.1665,0.0000,12.1665,148.0238,0.0000,-0.2704,0.0043,-0.2808,-0.2637,0.0171,0.2704,0.0731,0.0000,-0.9268,0.0026,-0.9312,-0.9229,0.0083,0.9268,0.8589,0.0000,33.4188,0.7518,32.3486,34.9121,2.5635,33.4272,1117.3802,0.0000,0.1994,0.4471,-0.6104,0.9155,1.5259,0.4896,0.2397,7.0000,0.4313,0.6950,-1.0986,1.7700,2.8687,0.8180,0.6691,3.0000,0.0168,0.0464,-0.0659,0.0989,0.1648,0.0494,0.0024,9.0000,-73.5498,0.0686,-73.6469,-73.4436,0.2032,73.5498,5409.5785,0.0000,16.2008,0.0520,16.1279,16.3092,0.1813,16.2009,262.4688,0.0000,13.3636,tricep_pulldown,0
2025-04-18 22:57:59,12.1665,0.0000,12.1665,12.1665,0.0000,12.1665,148.0238,0.0000,-0.4876,0.2443,-0.9609,-0.1768,0.7842,0.5454,0.2975,0.0000,0.0139,0.8316,-0.9365,1.0410,1.9775,0.8318,0.6918,1.0000,38.6108,9.6271,29.3579,66.2231,36.8652,39.7929,1583.4781,0.0000,-21.0083,24.5898,-68.4814,4.8828,73.3643,32.3420,1046.0061,2.0000,4.6712,21.2920,-39.1235,40.1001,79.2236,21.7984,475.1707,7.0000,-8.3481,8.4908,-22.0990,1.1261,23.2251,11.9073,141.7847,2.0000,-9.7727,63.6334,-72.7130,73.2294,145.9424,64.3795,4144.7174,1.0000,31.7095,16.1482,17.5946,65.6543,48.0597,35.5845,1266.2547,0.0000,13.4422,tricep_pulldown,1
2025-04-18 22:58:05,12.1665,0.0000,12.1665,12.1665,0.0000,12.1665,148.0238,0.0000,-0.4705,0.2605,-0.8906,-0.1201,0.7705,0.5378,0.2893,0.0000,-0.3233,0.7319,-0.9595,1.0107,1.9702,0.8001,0.6401,1.0000,40.5721,9.5889,28.3813,55.1147,26.7334,41.6898,1738.0429,0.0000,-20.1823,22.9763,-65.9180,-0.7324,65.1855,30.5816,935.2346,0.0000,10.4533,16.3552,-15.3809,34.6680,50.0488,19.4104,376.7632,5.0000,-8.4613,7.9669,-20.5664,0.6647,21.2311,11.6218,135.0654,3.0000,-34.9603,52.5707,-73.6029,68.2635,141.8665,63.1340,3985.9059,1.0000,32.3496,16.6861,18.1384,63.5284,45.3900,36.3995,1324.9222,0.0000,13.3874,tricep_pulldown,1
